img_id,category,question,answer,mode,label,answer_type
synpic58306,plane,what plane was used in this mri,axial,train,0,OPEN
synpic37107,plane,what image plane is this,axial,train,0,OPEN
synpic27027,plane,in which plane is the ct scan displayed,axial,train,0,OPEN
synpic55176,plane,what is the plane of the ct scan,axial,train,0,OPEN
synpic20741,plane,what plane is this film,axial,train,0,OPEN
synpic50802,plane,what plane is demonstrated,axial,train,0,OPEN
synpic34768,plane,which plane is this mri taken in,axial,train,0,OPEN
synpic57280,plane,what plane is this mri in,axial,train,0,OPEN
synpic19829,plane,which plane is this mri taken in,axial,train,0,OPEN
synpic18362,plane,what plane is demonstrated,axial,train,0,OPEN
synpic21387,plane,what plane is the image acquired in,axial,train,0,OPEN
synpic41503,plane,which plane is the image shown in,axial,test,0,OPEN
synpic45661,plane,in what plane is this image taken,axial,train,0,OPEN
synpic55263,plane,what image plane is this,axial,train,0,OPEN
synpic27246,plane,what plane was used in this ct scan,axial,train,0,OPEN
synpic59382,plane,what is the plane of the image,axial,train,0,OPEN
synpic55114,plane,what plane is this,axial,train,0,OPEN
synpic22011,plane,which plane is this ct scan taken in,axial,train,0,OPEN
synpic23070,plane,what plane is seen,axial,val,0,OPEN
synpic31438,plane,what is the plane of the image,axial,train,0,OPEN
synpic39026,plane,what is the plane of this mri,axial,train,0,OPEN
synpic34124,plane,in what plane is this image oriented,axial,train,0,OPEN
synpic19204,plane,which plane is the image shown in,axial,train,0,OPEN
synpic41019,plane,which plane is this mri taken in,axial,train,0,OPEN
synpic48754,plane,which plane is the image shown in,axial,train,0,OPEN
synpic25424,plane,which plane is the image shown in,axial,train,0,OPEN
synpic53961,plane,which plane is the image taken,axial,train,0,OPEN
synpic49950,plane,in what plane is this mri,axial,train,0,OPEN
synpic49970,plane,which plane is this image taken,axial,val,0,OPEN
synpic42212,plane,which plane is this image taken,axial,train,0,OPEN
synpic54969,plane,in what plane is this image oriented,axial,train,0,OPEN
synpic51867,plane,which plane is this image taken,axial,train,0,OPEN
synpic10588,plane,in what plane is this image taken,axial,train,0,OPEN
synpic21910,plane,what plane was used in this mri,axial,train,0,OPEN
synpic45877,plane,which plane is this image in,axial,train,0,OPEN
synpic27238,plane,what plane is this,axial,train,0,OPEN
synpic52158,plane,what plane is demonstrated,axial,train,0,OPEN
synpic28983,plane,what plane is this ct scan in,axial,train,0,OPEN
synpic31506,plane,in what plane is this image taken,axial,train,0,OPEN
synpic19599,plane,which plane is this image taken,axial,train,0,OPEN
synpic17212,plane,what plane is demonstrated,axial,train,0,OPEN
synpic46655,plane,in what plane is this image taken,axial,train,0,OPEN
synpic33926,plane,what is the plane of the image,axial,val,0,OPEN
synpic34859,plane,which plane is this image taken,axial,train,0,OPEN
synpic43623,plane,what plane is this film,axial,train,0,OPEN
synpic32067,plane,what plane was used,axial,test,0,OPEN
synpic57262,plane,in which plane is the ct scan displayed,axial,train,0,OPEN
synpic50648,plane,what image plane is this,axial,train,0,OPEN
synpic17091,plane,what is the plane,axial,train,0,OPEN
synpic36070,plane,what imaging plane is depicted here,axial,train,0,OPEN
synpic20071,plane,what plane is demonstrated,axial,train,0,OPEN
synpic37275,plane,which plane is the image shown in,axial,train,0,OPEN
synpic41873,plane,what plane is this film,axial,train,0,OPEN
synpic37430,plane,what plane is the image acquired in,axial,train,0,OPEN
synpic16122,plane,in what plane is this ct scan,axial,train,0,OPEN
synpic48444,plane,in what plane is this mri,axial,train,0,OPEN
synpic53959,plane,which plane is the image taken,axial,train,0,OPEN
synpic22755,plane,what is the plane,axial,val,0,OPEN
synpic45635,plane,what image plane is this,axial,train,0,OPEN
synpic36125,plane,what plane is the image acquired in,axial,train,0,OPEN
synpic33574,plane,what plane is demonstrated,axial,train,0,OPEN
synpic60659,plane,in what plane is this ct scan captured,axial,train,0,OPEN
synpic28303,plane,what is the plane of the ct scan,axial,train,0,OPEN
synpic41323,plane,what imaging plane is depicted here,axial,train,0,OPEN
synpic52810,plane,in what plane is this image oriented,axial,train,0,OPEN
synpic42261,plane,what plane was used,axial,train,0,OPEN
synpic58789,plane,in what plane is this image oriented,axial,train,0,OPEN
synpic57077,plane,what plane was used,axial,train,0,OPEN
synpic16539,plane,in what plane is this image oriented,axial,train,0,OPEN
synpic55648,plane,in what plane is this image taken,axial,train,0,OPEN
synpic28056,plane,what imaging plane is depicted here,axial,train,0,OPEN
synpic23102,plane,what plane is demonstrated,axial,train,0,OPEN
synpic24311,plane,which plane is the image taken,axial,train,0,OPEN
synpic22783,plane,which plane is the image shown in,axial,train,0,OPEN
synpic16429,plane,in what plane is this mri,axial,train,0,OPEN
synpic59198,plane,what plane is the image acquired in,axial,train,0,OPEN
synpic21041,plane,which plane is this image taken,axial,val,0,OPEN
synpic50132,plane,in what plane is this ct scan,axial,test,0,OPEN
synpic59548,plane,what is the plane of the image,axial,val,0,OPEN
synpic52266,plane,what is the plane of the mri,axial,train,0,OPEN
synpic56870,plane,what imaging plane is depicted here,axial,val,0,OPEN
synpic55391,plane,what plane is seen,axial,train,0,OPEN
synpic38409,plane,what imaging plane is depicted here,axial,train,0,OPEN
synpic23548,plane,in what plane is this mri captured,axial,train,0,OPEN
synpic57642,plane,what plane is this film,axial,val,0,OPEN
synpic58095,plane,what plane was used,axial,val,0,OPEN
synpic49805,plane,what is the plane of the mri,axial,train,0,OPEN
synpic54815,plane,in what plane is this mri taken,axial,train,0,OPEN
synpic41639,plane,what plane was used,axial,train,0,OPEN
synpic41294,plane,in what plane is this mri captured,axial,train,0,OPEN
synpic17895,plane,what plane is the image acquired in,axial,train,0,OPEN
synpic56011,plane,what is the plane of this mri,axial,train,0,OPEN
synpic39876,plane,what plane is the image acquired in,axial,train,0,OPEN
synpic38073,plane,in what plane is this image oriented,axial,train,0,OPEN
synpic51392,plane,what plane was used in this mri,axial,train,0,OPEN
synpic13033,plane,what plane was used in this ct scan,axial,train,0,OPEN
synpic47594,plane,which plane is the image taken,axial,train,0,OPEN
synpic35180,plane,what imaging plane is depicted here,axial,val,0,OPEN
synpic36419,plane,what plane was used in this ct scan,axial,train,0,OPEN
synpic51636,plane,what imaging plane is depicted here,axial,train,0,OPEN
synpic22762,plane,what is the plane of the image,axial,train,0,OPEN
synpic33840,plane,what plane is this ct scan in,axial,train,0,OPEN
synpic53971,plane,in what plane is this image taken,axial,train,0,OPEN
synpic58470,plane,in which plane is the mri displayed,axial,train,0,OPEN
synpic15723,plane,what is the plane of the image,axial,train,0,OPEN
synpic54130,plane,in what plane is this ct scan taken,axial,test,0,OPEN
synpic59003,plane,in what plane is this image taken,axial,train,0,OPEN
synpic18723,plane,what plane is demonstrated,axial,train,0,OPEN
synpic28744,plane,what plane is this film,axial,train,0,OPEN
synpic49026,plane,in what plane was this image taken,axial,train,0,OPEN
synpic40640,plane,what is the plane of this mri,axial,train,0,OPEN
synpic59086,plane,in what plane is this mri captured,axial,train,0,OPEN
synpic28559,plane,which plane is this image in,axial,train,0,OPEN
synpic18041,plane,in what plane is this image taken,axial,train,0,OPEN
synpic45196,plane,what plane is this,axial,val,0,OPEN
synpic31514,plane,which plane is the image taken,axial,train,0,OPEN
synpic40816,plane,what plane was used,axial,train,0,OPEN
synpic25090,plane,in what plane is this image oriented,axial,val,0,OPEN
synpic22557,plane,what plane is this,axial,train,0,OPEN
synpic42581,plane,what is the plane of the image,axial,train,0,OPEN
synpic17769,plane,what imaging plane is depicted here,axial,test,0,OPEN
synpic26478,plane,in what plane is this ct scan captured,axial,train,0,OPEN
synpic55208,plane,what is the plane,axial,train,0,OPEN
synpic48079,plane,what plane is this film,axial,test,0,OPEN
synpic48284,plane,what plane was used in this ct scan,axial,train,0,OPEN
synpic29916,plane,in which plane is the ct scan displayed,axial,train,0,OPEN
synpic47258,plane,what is the plane of the image,axial,train,0,OPEN
synpic20631,plane,what plane is seen,axial,train,0,OPEN
synpic45586,plane,which plane is the image shown in,axial,train,0,OPEN
synpic56832,plane,in what plane is this mri captured,axial,train,0,OPEN
synpic54068,plane,in which plane is the ct scan displayed,axial,train,0,OPEN
synpic44990,plane,in which plane is the mri displayed,axial,val,0,OPEN
synpic45691,plane,what is the plane of this ct scan,axial,train,0,OPEN
synpic57067,plane,in what plane was this image taken,axial,train,0,OPEN
synpic35092,plane,in what plane is this image taken,axial,train,0,OPEN
synpic16198,plane,what is the plane of this ct scan,axial,train,0,OPEN
synpic19981,plane,in what plane is this ct scan,axial,train,0,OPEN
synpic17328,plane,what is the plane of this mri,axial,train,0,OPEN
synpic17419,plane,in which plane is the ct scan displayed,axial,val,0,OPEN
synpic49799,plane,what is the plane,axial,test,0,OPEN
synpic38836,plane,in what plane is this image taken,axial,test,0,OPEN
synpic51968,plane,in what plane is this image taken,axial,train,0,OPEN
synpic15878,plane,in what plane is this mri,axial,train,0,OPEN
synpic35712,plane,in what plane is this mri taken,axial,train,0,OPEN
synpic28719,plane,what plane was used,axial,train,0,OPEN
synpic50871,plane,in what plane was this image taken,axial,train,0,OPEN
synpic17931,plane,in what plane is this ct scan,axial,train,0,OPEN
synpic53419,plane,what plane is this mri in,axial,train,0,OPEN
synpic43936,plane,what plane was used in this ct scan,axial,test,0,OPEN
synpic25493,plane,which plane is the image taken,axial,train,0,OPEN
synpic55555,plane,what plane is demonstrated,axial,train,0,OPEN
synpic51610,plane,what is the plane of this ct scan,axial,train,0,OPEN
synpic19651,plane,which plane is this mri taken in,axial,val,0,OPEN
synpic59005,plane,in what plane is this image oriented,axial,val,0,OPEN
synpic33284,plane,what plane was used in this ct scan,axial,train,0,OPEN
synpic29463,plane,what is the plane,axial,val,0,OPEN
synpic55000,plane,what is the plane of this mri,axial,train,0,OPEN
synpic48298,plane,which plane is the image taken,axial,train,0,OPEN
synpic39299,plane,what is the plane,axial,train,0,OPEN
synpic33371,plane,what is the plane,axial,train,0,OPEN
synpic56430,plane,in which plane is the mri displayed,axial,train,0,OPEN
synpic60622,plane,what image plane is this,axial,train,0,OPEN
synpic28156,plane,in what plane is this image taken,axial,train,0,OPEN
synpic59563,plane,in what plane is this mri,axial,train,0,OPEN
synpic26225,plane,in what plane is this image oriented,axial,train,0,OPEN
synpic59061,plane,in what plane is this ct scan,axial,train,0,OPEN
synpic45735,plane,what plane was used in this mri,axial,train,0,OPEN
synpic38560,plane,what is the plane of this mri,axial,train,0,OPEN
synpic47672,plane,in what plane is this ct scan,axial,train,0,OPEN
synpic51217,plane,which plane is this image in,axial,train,0,OPEN
synpic24879,plane,in what plane is this image taken,axial,val,0,OPEN
synpic24148,plane,what plane is this ct scan in,axial,train,0,OPEN
synpic15437,plane,in what plane is this ct scan,axial,train,0,OPEN
synpic16206,plane,what is the plane of the ct scan,axial,train,0,OPEN
synpic40375,plane,in what plane is this image taken,axial,train,0,OPEN
synpic52090,plane,in what plane is this mri taken,axial,train,0,OPEN
synpic23349,plane,in which plane is the ct scan displayed,axial,train,0,OPEN
synpic45706,plane,what is the plane of this mri,axial,train,0,OPEN
synpic43447,plane,in what plane was this image taken,axial,val,0,OPEN
synpic46182,plane,in what plane is this ct scan taken,axial,train,0,OPEN
synpic48578,plane,what plane is this,axial,train,0,OPEN
synpic40722,plane,what is the plane of the mri,axial,train,0,OPEN
synpic10769,plane,what is the plane of the image,axial,train,0,OPEN
synpic40048,plane,what plane was used,axial,train,0,OPEN
synpic27231,plane,in what plane is this image taken,axial,train,0,OPEN
synpic59158,plane,what imaging plane is depicted here,axial,train,0,OPEN
synpic54866,plane,what plane was used,axial,train,0,OPEN
synpic48717,plane,in what plane is this image oriented,axial,train,0,OPEN
synpic43797,plane,what is the plane of the image,axial,train,0,OPEN
synpic42307,plane,in which plane is the mri displayed,axial,train,0,OPEN
synpic54565,plane,in what plane is this image oriented,axial,train,0,OPEN
synpic37652,plane,what plane is this mri in,axial,train,0,OPEN
synpic16073,plane,in what plane is this ct scan,axial,train,0,OPEN
synpic47877,plane,what plane is this mri in,axial,val,0,OPEN
synpic51544,plane,in what plane is this ct scan taken,axial,train,0,OPEN
synpic41926,plane,in what plane is this image taken,axial,train,0,OPEN
synpic31890,plane,what is the plane of the image,axial,train,0,OPEN
synpic36990,plane,in what plane is this image taken,axial,train,0,OPEN
synpic20551,plane,what plane was used,axial,train,0,OPEN
synpic33358,plane,in what plane is this ct scan,axial,train,0,OPEN
synpic28967,plane,in what plane is this ct scan captured,axial,train,0,OPEN
synpic36106,plane,in what plane is this mri,axial,train,0,OPEN
synpic39658,plane,what is the plane of the ct scan,axial,train,0,OPEN
synpic24923,plane,in what plane is this image taken,axial,train,0,OPEN
synpic57204,plane,what imaging plane is depicted here,axial,train,0,OPEN
synpic36936,plane,in what plane is this mri,axial,train,0,OPEN
synpic30877,plane,in what plane is this ct scan captured,axial,train,0,OPEN
synpic19555,plane,what is the plane of the image,axial,train,0,OPEN
synpic40279,plane,in what plane was this image taken,axial,train,0,OPEN
synpic31235,plane,what plane is the image acquired in,axial,train,0,OPEN
synpic19264,plane,which plane is this image taken,axial,train,0,OPEN
synpic21633,plane,what image plane is this,axial,train,0,OPEN
synpic28837,plane,in what plane is this image taken,axial,val,0,OPEN
synpic50742,plane,what plane is the image acquired in,axial,train,0,OPEN
synpic60826,plane,what plane is seen,axial,train,0,OPEN
synpic20157,plane,in what plane is this ct scan,axial,train,0,OPEN
synpic49129,plane,what plane is seen,axial,val,0,OPEN
synpic29645,plane,in what plane is this image oriented,axial,val,0,OPEN
synpic45913,plane,what plane is demonstrated,axial,train,0,OPEN
synpic57302,plane,what plane is the image acquired in,axial,train,0,OPEN
synpic36217,plane,what plane is the image acquired in,axial,test,0,OPEN
synpic31688,plane,which plane is this image taken,axial,train,0,OPEN
synpic61222,plane,what plane was used,axial,train,0,OPEN
synpic16199,plane,in what plane is this ct scan taken,axial,train,0,OPEN
synpic26930,plane,in what plane is this image oriented,axial,train,0,OPEN
synpic33373,plane,what is the plane,axial,train,0,OPEN
synpic16081,plane,what is the plane of the ct scan,axial,train,0,OPEN
synpic58495,plane,in which plane is the mri displayed,axial,val,0,OPEN
synpic20729,plane,in which plane is the ct scan displayed,axial,val,0,OPEN
synpic56340,plane,which plane is the image taken,axial,train,0,OPEN
synpic50580,plane,what plane is the image acquired in,axial,train,0,OPEN
synpic59470,plane,what is the plane of this mri,axial,train,0,OPEN
synpic56581,plane,in what plane is this ct scan,axial,train,0,OPEN
synpic10739,plane,in what plane was this image taken,axial,train,0,OPEN
synpic41102,plane,what is the plane,axial,test,0,OPEN
synpic38730,plane,which plane is this ct scan taken in,axial,train,0,OPEN
synpic47420,plane,in what plane is this ct scan,axial,train,0,OPEN
synpic55498,plane,what plane is this film,axial,train,0,OPEN
synpic51077,plane,what plane is seen,axial,train,0,OPEN
synpic48504,plane,in what plane is this image oriented,axial,train,0,OPEN
synpic45246,plane,in which plane is the ct scan displayed,axial,val,0,OPEN
synpic60250,plane,in what plane is this mri,axial,val,0,OPEN
synpic30862,plane,what is the plane of the ct scan,axial,train,0,OPEN
synpic35705,plane,in what plane was this image taken,axial,train,0,OPEN
synpic36689,plane,what is the plane of the image,axial,train,0,OPEN
synpic40860,plane,what plane is this film,axial,train,0,OPEN
synpic53167,plane,which plane is this image taken,axial,train,0,OPEN
synpic41007,plane,in which plane is the mri displayed,axial,train,0,OPEN
synpic56316,plane,what is the plane of the image,axial,train,0,OPEN
synpic13140,plane,which plane is this image taken,axial,train,0,OPEN
synpic53526,plane,what plane is this film,axial,train,0,OPEN
synpic49546,plane,what plane is this film,axial,train,0,OPEN
synpic53160,plane,which plane is the image taken,axial,train,0,OPEN
synpic54605,plane,what plane is this film,axial,train,0,OPEN
synpic33629,plane,in what plane is this mri captured,axial,val,0,OPEN
synpic40096,plane,in what plane is this image taken,axial,train,0,OPEN
synpic29835,plane,which plane is this ct scan taken in,axial,train,0,OPEN
synpic56112,plane,in what plane is this mri captured,axial,train,0,OPEN
synpic32364,plane,in what plane is this ct scan captured,axial,train,0,OPEN
synpic30369,plane,what imaging plane is depicted here,axial,train,0,OPEN
synpic45827,plane,what plane was used in this mri,axial,val,0,OPEN
synpic19434,plane,what plane was used in this ct scan,axial,train,0,OPEN
synpic36938,plane,in what plane is this mri taken,axial,train,0,OPEN
synpic57896,plane,which plane is this image taken,axial,train,0,OPEN
synpic31716,plane,which plane is the image shown in,axial,train,0,OPEN
synpic56034,plane,what plane is this mri in,axial,train,0,OPEN
synpic21715,plane,what imaging plane is depicted here,axial,train,0,OPEN
synpic16874,plane,which plane is this ct scan taken in,axial,train,0,OPEN
synpic30202,plane,what plane is demonstrated,axial,train,0,OPEN
synpic35133,plane,which plane is this image taken,axial,train,0,OPEN
synpic28995,plane,what plane is the image acquired in,axial,train,0,OPEN
synpic22389,plane,in what plane was this image taken,axial,train,0,OPEN
synpic44432,plane,what image plane is this,axial,train,0,OPEN
synpic36880,plane,what imaging plane is depicted here,axial,train,0,OPEN
synpic25021,plane,in what plane is this ct scan taken,axial,train,0,OPEN
synpic56573,plane,what plane is this film,axial,train,0,OPEN
synpic50898,plane,what imaging plane is depicted here,axial,train,0,OPEN
synpic29818,plane,what plane is seen,axial,train,0,OPEN
synpic43679,plane,which plane is this image taken,axial,train,0,OPEN
synpic23560,plane,in what plane is this ct scan,axial,val,0,OPEN
synpic26818,plane,which plane is the image taken,axial,train,0,OPEN
synpic38795,plane,which plane is the image shown in,axial,val,0,OPEN
synpic48361,plane,in what plane was this image taken,axial,train,0,OPEN
synpic28477,plane,in which plane is the ct scan displayed,axial,train,0,OPEN
synpic59550,plane,what is the plane,axial,train,0,OPEN
synpic42019,plane,what is the plane of the image,axial,train,0,OPEN
synpic27377,plane,what plane was used,axial,train,0,OPEN
synpic53811,plane,what plane is the image acquired in,axial,train,0,OPEN
synpic44440,plane,what plane is seen,axial,train,0,OPEN
synpic50792,plane,what plane is seen,axial,train,0,OPEN
synpic45717,plane,what plane is this film,axial,train,0,OPEN
synpic25518,plane,in what plane is this ct scan captured,axial,train,0,OPEN
synpic47867,plane,what plane is this,axial,train,0,OPEN
synpic24444,plane,what plane is seen,axial,train,0,OPEN
synpic15996,plane,which plane is the image taken,axial,train,0,OPEN
synpic48506,plane,what plane is this,axial,train,0,OPEN
synpic33288,plane,which plane is the image taken,axial,train,0,OPEN
synpic23916,plane,in what plane is this ct scan,axial,test,0,OPEN
synpic53626,plane,what plane is seen,axial,train,0,OPEN
synpic57639,plane,what is the plane of the mri,axial,train,0,OPEN
synpic39853,plane,what image plane is this,axial,val,0,OPEN
synpic38487,plane,what plane was used,axial,train,0,OPEN
synpic61227,plane,in what plane is this image taken,axial,train,0,OPEN
synpic40742,plane,what plane is this film,axial,train,0,OPEN
synpic42156,plane,what plane was used in this ct scan,axial,test,0,OPEN
synpic59430,plane,which plane is this image in,axial,train,0,OPEN
synpic45714,plane,in what plane is this mri,axial,train,0,OPEN
synpic50963,plane,in which plane is the mri displayed,axial,train,0,OPEN
synpic57196,plane,what plane is seen,axial,train,0,OPEN
synpic47683,plane,what is the plane of this ct scan,axial,val,0,OPEN
synpic25988,plane,what is the plane of the ct scan,axial,train,0,OPEN
synpic35168,plane,what plane was used,axial,train,0,OPEN
synpic44936,plane,which plane is this mri taken in,axial,train,0,OPEN
synpic39641,plane,in what plane was this image taken,axial,val,0,OPEN
synpic36431,plane,which plane is the image taken,axial,train,0,OPEN
synpic39463,plane,in what plane is this mri taken,axial,val,0,OPEN
synpic25865,plane,what is the plane,axial,train,0,OPEN
synpic60374,plane,in what plane is this ct scan,axial,train,0,OPEN
synpic30981,plane,what plane is demonstrated,axial,train,0,OPEN
synpic17481,plane,in what plane is this image taken,axial,train,0,OPEN
synpic51350,plane,what plane is seen,axial,train,0,OPEN
synpic26463,plane,what plane is demonstrated,axial,train,0,OPEN
synpic37250,plane,what plane is the image acquired in,axial,test,0,OPEN
synpic31104,plane,what imaging plane is depicted here,axial,val,0,OPEN
synpic55583,plane,what plane is demonstrated,axial,train,0,OPEN
synpic32604,plane,what imaging plane is depicted here,axial,train,0,OPEN
synpic32909,plane,what is the plane of the ct scan,axial,val,0,OPEN
synpic33517,plane,what is the plane of the image,axial,train,0,OPEN
synpic35961,plane,what plane was used in this ct scan,axial,train,0,OPEN
synpic49352,plane,what is the plane,axial,val,0,OPEN
synpic59348,plane,what plane is this ct scan in,axial,train,0,OPEN
synpic41421,plane,what plane was used,axial,train,0,OPEN
synpic40413,plane,in what plane is this image taken,axial,train,0,OPEN
synpic28146,plane,in what plane is this ct scan,axial,train,0,OPEN
synpic39974,plane,what plane was used,axial,train,0,OPEN
synpic49995,plane,which plane is this image in,axial,train,0,OPEN
synpic46969,plane,in what plane is this ct scan captured,axial,train,0,OPEN
synpic35242,plane,in what plane is this image taken,axial,train,0,OPEN
synpic26884,plane,which plane is this image in,axial,train,0,OPEN
synpic29147,plane,in what plane is this ct scan,axial,train,0,OPEN
synpic43767,plane,in what plane is this ct scan,axial,val,0,OPEN
synpic57004,plane,in what plane is this mri,axial,train,0,OPEN
synpic47855,plane,what is the plane of the image,axial,val,0,OPEN
synpic33843,plane,what plane is the image acquired in,axial,train,0,OPEN
synpic58323,plane,in what plane is this mri captured,axial,test,0,OPEN
synpic33725,plane,what plane is seen,axial,train,0,OPEN
synpic58469,plane,what image plane is this,axial,train,0,OPEN
synpic43435,plane,what is the plane of the ct scan,axial,train,0,OPEN
synpic55149,plane,which plane is this image in,axial,train,0,OPEN
synpic24341,plane,which plane is this ct scan taken in,axial,train,0,OPEN
synpic24454,plane,in what plane is this image oriented,axial,train,0,OPEN
synpic56988,plane,what image plane is this,axial,train,0,OPEN
synpic51612,plane,in what plane is this ct scan taken,axial,train,0,OPEN
synpic36374,plane,what plane was used,axial,test,0,OPEN
synpic59343,plane,what plane was used,axial,train,0,OPEN
synpic34863,plane,what is the plane of the mri,axial,train,0,OPEN
synpic27037,plane,what is the plane of the image,axial,train,0,OPEN
synpic31445,plane,in what plane is this ct scan captured,axial,train,0,OPEN
synpic23927,plane,what plane was used,axial,train,0,OPEN
synpic38372,plane,in what plane is this ct scan,axial,test,0,OPEN
synpic25301,plane,what is the plane of this ct scan,axial,train,0,OPEN
synpic59403,plane,in what plane was this image taken,axial,train,0,OPEN
synpic23157,plane,in what plane was this image taken,axial,val,0,OPEN
synpic19890,plane,in what plane is this image taken,axial,train,0,OPEN
synpic46834,plane,what plane is this film,axial,train,0,OPEN
synpic46701,plane,in what plane is this image oriented,axial,train,0,OPEN
synpic33747,plane,in what plane is this image taken,axial,train,0,OPEN
synpic37093,plane,what is the plane of the image,axial,train,0,OPEN
synpic58981,plane,in what plane is this mri captured,axial,train,0,OPEN
synpic42172,plane,what imaging plane is depicted here,axial,train,0,OPEN
synpic52162,plane,in what plane is this image oriented,axial,train,0,OPEN
synpic36375,plane,what is the plane,axial,train,0,OPEN
synpic41932,plane,what is the plane of this ct scan,axial,test,0,OPEN
synpic54048,plane,what image plane is this,axial,train,0,OPEN
synpic45577,plane,what plane is this,axial,val,0,OPEN
synpic58842,plane,which plane is the image taken,axial,train,0,OPEN
synpic20391,plane,what plane is this film,axial,train,0,OPEN
synpic40992,plane,in what plane is this ct scan taken,axial,train,0,OPEN
synpic16423,plane,in which plane is the ct scan displayed,axial,train,0,OPEN
synpic19835,plane,what plane is demonstrated,axial,train,0,OPEN
synpic26332,plane,what image plane is this,axial,val,0,OPEN
synpic39243,plane,in what plane is this mri captured,axial,train,0,OPEN
synpic26737,plane,what image plane is this,axial,train,0,OPEN
synpic54675,plane,in what plane is this mri captured,axial,val,0,OPEN
synpic51490,plane,which plane is this ct scan taken in,axial,val,0,OPEN
synpic27649,plane,which plane is this image in,axial,train,0,OPEN
synpic25454,plane,what plane is this ct scan in,axial,train,0,OPEN
synpic50342,plane,in what plane is this image taken,axial,train,0,OPEN
synpic17486,plane,in what plane is this ct scan,axial,train,0,OPEN
synpic52545,plane,what plane is demonstrated,axial,train,0,OPEN
synpic18218,plane,in what plane is this mri captured,axial,train,0,OPEN
synpic51075,plane,in what plane is this ct scan,axial,train,0,OPEN
synpic24633,plane,what is the plane of the image,axial,train,0,OPEN
synpic40986,plane,in what plane is this image oriented,axial,train,0,OPEN
synpic41613,plane,what plane is this,axial,val,0,OPEN
synpic27153,plane,what plane is demonstrated,axial,train,0,OPEN
synpic23640,plane,what plane is the image acquired in,axial,train,0,OPEN
synpic23816,plane,what is the plane of the ct scan,axial,train,0,OPEN
synpic18877,plane,in what plane is this ct scan captured,axial,train,0,OPEN
synpic38141,plane,what plane is this,axial,train,0,OPEN
synpic27049,plane,in what plane is this mri,axial,train,0,OPEN
synpic56387,plane,what is the plane of this mri,axial,train,0,OPEN
synpic58018,plane,in what plane is this image taken,axial,train,0,OPEN
synpic17508,plane,which plane is the image taken,axial,train,0,OPEN
synpic37733,plane,what plane is this,axial,train,0,OPEN
synpic33126,plane,in what plane is this ultrasound,axial,train,0,OPEN
synpic40781,plane,which plane is this ct scan taken in,axial,train,0,OPEN
synpic30246,plane,what plane was used in this ct scan,axial,train,0,OPEN
synpic30387,plane,what plane was used,axial,train,0,OPEN
synpic27629,plane,in what plane is this mri taken,axial,train,0,OPEN
synpic27086,plane,what is the plane of the image,axial,train,0,OPEN
synpic57173,plane,in what plane is this image taken,axial,train,0,OPEN
synpic27331,plane,what plane was used,axial,train,0,OPEN
synpic43015,plane,in what plane is this image taken,axial,train,0,OPEN
synpic45045,plane,which plane is this ct scan taken in,axial,train,0,OPEN
synpic30684,plane,which plane is this mri taken in,axial,train,0,OPEN
synpic59889,plane,what is the plane,axial,train,0,OPEN
synpic40382,plane,in what plane is this image taken,axial,train,0,OPEN
synpic26575,plane,what is the plane of the mri,axial,train,0,OPEN
synpic48021,plane,in what plane is this image taken,axial,val,0,OPEN
synpic40521,plane,what plane is this,axial,train,0,OPEN
synpic48065,plane,in what plane was this image taken,axial,val,0,OPEN
synpic53207,plane,which plane is this image in,axial,train,0,OPEN
synpic55688,plane,what plane is this,axial,train,0,OPEN
synpic41041,plane,in which plane is the mri displayed,axial,train,0,OPEN
synpic21857,plane,which plane is this image in,axial,train,0,OPEN
synpic40671,plane,in what plane was this image taken,axial,train,0,OPEN
synpic29456,plane,which plane is the image shown in,axial,train,0,OPEN
synpic36162,plane,what is the plane of the image,axial,train,0,OPEN
synpic47700,plane,what plane is this ct scan in,axial,train,0,OPEN
synpic13026,plane,what plane is this,axial,train,0,OPEN
synpic18437,plane,what image plane is this,axial,train,0,OPEN
synpic58719,plane,what plane was used,axial,train,0,OPEN
synpic40855,plane,which plane is the image shown in,axial,train,0,OPEN
synpic35309,plane,in which plane is the ct scan displayed,axial,train,0,OPEN
synpic22257,plane,in what plane is this image taken,axial,train,0,OPEN
synpic34145,plane,in what plane is this ct scan taken,axial,train,0,OPEN
synpic17623,plane,in what plane is this ct scan taken,axial,train,0,OPEN
synpic33272,plane,in which plane is the ct scan displayed,axial,train,0,OPEN
synpic52280,plane,what plane is the image acquired in,axial,train,0,OPEN
synpic54736,plane,in which plane is the ct scan displayed,axial,test,0,OPEN
synpic17204,plane,what plane is demonstrated,axial,train,0,OPEN
synpic28377,plane,in what plane is this ct scan,axial,train,0,OPEN
synpic21352,plane,in what plane is this image oriented,axial,train,0,OPEN
synpic45150,plane,in what plane is this image taken,axial,val,0,OPEN
synpic31184,plane,in what plane is this image taken,axial,val,0,OPEN
synpic28305,plane,what is the plane of this ct scan,axial,train,0,OPEN
synpic19826,plane,what is the plane of this ct scan,axial,train,0,OPEN
synpic52252,plane,what plane is demonstrated,axial,train,0,OPEN
synpic45316,plane,what is the plane,axial,train,0,OPEN
synpic44473,plane,which plane is this image taken,axial,train,0,OPEN
synpic40793,plane,which plane is this image in,axial,train,0,OPEN
synpic37607,plane,which plane is the image shown in,axial,train,0,OPEN
synpic39865,plane,what imaging plane is depicted here,axial,test,0,OPEN
synpic17397,plane,what plane is this,axial,train,0,OPEN
synpic22547,plane,what is the plane of the ct scan,axial,val,0,OPEN
synpic51227,plane,which plane is the image shown in,axial,train,0,OPEN
synpic24771,plane,what plane is this mri in,axial,train,0,OPEN
synpic55974,plane,which plane is this image in,axial,train,0,OPEN
synpic47423,plane,which plane is this image taken,axial,train,0,OPEN
synpic37434,plane,which plane is the image taken,axial,train,0,OPEN
synpic29199,plane,what plane is this ct scan in,axial,train,0,OPEN
synpic47973,plane,in what plane is this ct scan,axial,train,0,OPEN
synpic53800,plane,which plane is the image shown in,axial,train,0,OPEN
synpic17392,plane,what is the plane of this ct scan,axial,train,0,OPEN
synpic34337,plane,what imaging plane is depicted here,axial,train,0,OPEN
synpic54653,plane,in what plane is this mri,axial,test,0,OPEN
synpic33650,plane,which plane is this ct scan taken in,axial,train,0,OPEN
synpic42284,plane,in what plane is this mri,axial,train,0,OPEN
synpic19772,plane,what imaging plane is depicted here,axial,train,0,OPEN
synpic23032,plane,what is the plane of the mri,axial,train,0,OPEN
synpic47938,plane,which plane is this image in,axial,train,0,OPEN
synpic39967,plane,in what plane is this mri taken,axial,val,0,OPEN
synpic18141,plane,which plane is the image taken,axial,train,0,OPEN
synpic35805,plane,what is the plane of the mri,axial,train,0,OPEN
synpic52364,plane,what plane is the image acquired in,axial,val,0,OPEN
synpic38875,plane,which plane is this mri taken in,axial,train,0,OPEN
synpic47704,plane,which plane is this ct scan taken in,axial,train,0,OPEN
synpic58167,plane,what is the plane of the mri,axial,train,0,OPEN
synpic31166,plane,what is the plane,axial,train,0,OPEN
synpic56618,plane,which plane is this image in,axial,train,0,OPEN
synpic53717,plane,in what plane was this image taken,axial,test,0,OPEN
synpic26245,plane,what is the plane of the image,axial,val,0,OPEN
synpic30876,plane,what plane is this ct scan in,axial,train,0,OPEN
synpic32874,plane,in what plane is this ct scan,axial,train,0,OPEN
synpic32183,plane,what plane is seen,axial,train,0,OPEN
synpic55711,plane,what imaging plane is depicted here,axial,train,0,OPEN
synpic23218,plane,what plane is the image acquired in,axial,train,0,OPEN
synpic19163,plane,what plane is demonstrated,axial,train,0,OPEN
synpic54954,plane,what imaging plane is depicted here,axial,train,0,OPEN
synpic54779,plane,which plane is this mri taken in,axial,train,0,OPEN
synpic26372,plane,what plane was used,axial,train,0,OPEN
synpic31503,plane,what plane was used,axial,train,0,OPEN
synpic45772,plane,in what plane is this ct scan taken,axial,train,0,OPEN
synpic33806,plane,which plane is the image shown in,axial,val,0,OPEN
synpic46433,plane,what image plane is this,axial,train,0,OPEN
synpic21325,plane,in which plane is the ct scan displayed,axial,train,0,OPEN
synpic24628,plane,what plane is seen,axial,train,0,OPEN
synpic34151,plane,in what plane is this ct scan taken,axial,train,0,OPEN
synpic23087,plane,what is the plane,axial,train,0,OPEN
synpic23255,plane,in which plane is the ct scan displayed,axial,val,0,OPEN
synpic46366,plane,what is the plane,axial,train,0,OPEN
synpic41566,plane,which plane is the image taken,axial,train,0,OPEN
synpic41789,plane,what plane is demonstrated,axial,train,0,OPEN
synpic59924,plane,what plane is this film,axial,train,0,OPEN
synpic21420,plane,what plane was used,axial,train,0,OPEN
synpic26311,plane,what plane is this,axial,train,0,OPEN
synpic47206,plane,which plane is the image taken,axial,train,0,OPEN
synpic52059,plane,what plane is seen,axial,train,0,OPEN
synpic59899,plane,which plane is the image shown in,axial,train,0,OPEN
synpic1339,plane,what plane is seen,axial,train,0,OPEN
synpic56758,plane,which plane is this image taken,axial,train,0,OPEN
synpic36254,plane,what plane was used,axial,train,0,OPEN
synpic46471,plane,in what plane is this mri,axial,train,0,OPEN
synpic49491,plane,which plane is this image in,axial,train,0,OPEN
synpic27360,plane,in what plane was this image taken,axial,train,0,OPEN
synpic39523,plane,what is the plane,axial,train,0,OPEN
synpic17574,plane,what image plane is this,axial,train,0,OPEN
synpic16441,plane,in which plane is the ct scan displayed,axial,train,0,OPEN
synpic38144,plane,in what plane is this ct scan captured,axial,train,0,OPEN
synpic41970,plane,which plane is the image taken,axial,train,0,OPEN
synpic31036,plane,what is the plane,axial,val,0,OPEN
synpic60661,plane,what plane was used,axial,train,0,OPEN
synpic51894,plane,what is the plane of the image,axial,test,0,OPEN
synpic33981,organ,what organ systems can be evaluated with this x-ray,musculoskeletal,train,1,OPEN
synpic25631,organ,what organ system is displayed in this x-ray,musculoskeletal,train,1,OPEN
synpic20931,organ,what is the organ system in this image,musculoskeletal,train,1,OPEN
synpic22389,organ,what is the organ principally shown in this ct scan,musculoskeletal,train,1,OPEN
synpic28412,organ,what organ system is shown in this x-ray,musculoskeletal,train,1,OPEN
synpic51481,organ,what organ system is pictured here,musculoskeletal,train,1,OPEN
synpic41269,organ,which organ system is shown in the mri,musculoskeletal,train,1,OPEN
synpic27319,organ,which organ is captured by this x-ray,musculoskeletal,val,1,OPEN
synpic31978,organ,what organ system is evaluated primarily,musculoskeletal,train,1,OPEN
synpic20215,organ,what organ system is imaged,musculoskeletal,train,1,OPEN
synpic18556,organ,what part of the body is being imaged,musculoskeletal,train,1,OPEN
synpic18115,organ,what organ system is pictured here,musculoskeletal,val,1,OPEN
synpic31780,organ,what is the organ principally shown in this x-ray,musculoskeletal,train,1,OPEN
synpic25418,organ,what part of the body is being imaged,musculoskeletal,train,1,OPEN
synpic32238,organ,which organ system is imaged,musculoskeletal,train,1,OPEN
synpic17361,organ,what organ system is being imaged,musculoskeletal,train,1,OPEN
synpic49125,organ,which organ system is shown in the ct scan,musculoskeletal,train,1,OPEN
synpic18124,organ,what organ system is imaged,musculoskeletal,train,1,OPEN
synpic42268,organ,which organ system is imaged,musculoskeletal,val,1,OPEN
synpic56814,organ,what organ is this image of,musculoskeletal,val,1,OPEN
synpic49033,organ,what organ system is displayed in this x-ray,musculoskeletal,train,1,OPEN
synpic27894,organ,which organ system is shown in the x-ray,musculoskeletal,train,1,OPEN
synpic25502,organ,what organ system is shown in the image,musculoskeletal,train,1,OPEN
synpic52325,organ,what organ system is shown in the image,musculoskeletal,train,1,OPEN
synpic33613,organ,what organ system is visualized,musculoskeletal,test,1,OPEN
synpic42067,organ,what organ systems can be evaluated with this x-ray,musculoskeletal,train,1,OPEN
synpic17357,organ,what is the organ principally shown in this mri,musculoskeletal,train,1,OPEN
synpic27139,organ,what organ systems can be evaluated with this x-ray,musculoskeletal,train,1,OPEN
synpic39385,organ,what part of the body is being imaged here,musculoskeletal,train,1,OPEN
synpic20091,organ,what organ system is evaluated primarily,musculoskeletal,train,1,OPEN
synpic19141,organ,what organ system is shown in the image,musculoskeletal,train,1,OPEN
synpic34157,organ,what organ system is being imaged,musculoskeletal,train,1,OPEN
synpic32746,organ,what organ system is shown in the image,musculoskeletal,val,1,OPEN
synpic39417,organ,which organ system is imaged,musculoskeletal,train,1,OPEN
synpic26588,organ,what organ system is evaluated primarily,musculoskeletal,train,1,OPEN
synpic28832,organ,what is one organ system seen in this image,musculoskeletal,train,1,OPEN
synpic39641,organ,what organ system is pictured here,musculoskeletal,val,1,OPEN
synpic33116,organ,what is the organ system in this image,musculoskeletal,train,1,OPEN
synpic26835,organ,what organ system is primarily present in this image,musculoskeletal,train,1,OPEN
synpic28895,organ,what organ is this mri showing,musculoskeletal,train,1,OPEN
synpic31069,organ,what organ system is shown in this x-ray,musculoskeletal,train,1,OPEN
synpic35372,organ,what is the organ principally shown in this mri,musculoskeletal,train,1,OPEN
synpic33563,organ,what organ system is shown in the image,musculoskeletal,train,1,OPEN
synpic24697,organ,what organ is this image of,musculoskeletal,train,1,OPEN
synpic42965,organ,what organ is this image of,musculoskeletal,train,1,OPEN
synpic15723,organ,what organ system is visualized,musculoskeletal,train,1,OPEN
synpic21695,organ,what organ system is evaluated primarily,musculoskeletal,train,1,OPEN
synpic28624,organ,what is one organ system seen in this image,musculoskeletal,train,1,OPEN
synpic19884,organ,what organ system is primarily present in this image,musculoskeletal,train,1,OPEN
synpic32321,organ,what organ system is shown in the image,musculoskeletal,train,1,OPEN
synpic26908,organ,what part of the body is being imaged here,musculoskeletal,train,1,OPEN
synpic18187,organ,what organ system is shown in the image,musculoskeletal,train,1,OPEN
synpic40194,organ,what part of the body does this ct scan show,musculoskeletal,val,1,OPEN
synpic46969,organ,what organ system is shown in the image,musculoskeletal,train,1,OPEN
synpic14646,organ,which organ system is shown in the mri,musculoskeletal,train,1,OPEN
synpic21193,organ,what organ systems can be evaluated with this x-ray,musculoskeletal,train,1,OPEN
synpic49209,organ,what organ system is pictured here,musculoskeletal,val,1,OPEN
synpic31311,organ,what organ system is primarily present in this image,musculoskeletal,train,1,OPEN
synpic34504,organ,what organ system is being imaged,musculoskeletal,train,1,OPEN
synpic23286,organ,the ct scan shows what organ system,musculoskeletal,train,1,OPEN
synpic23026,organ,what is one organ system seen in this image,musculoskeletal,train,1,OPEN
synpic51600,organ,what organ system is being imaged,musculoskeletal,train,1,OPEN
synpic40244,organ,what organ is this x-ray showing,musculoskeletal,train,1,OPEN
synpic18008,organ,what organ system is shown in the image,musculoskeletal,val,1,OPEN
synpic33120,organ,what organ system is evaluated primarily,musculoskeletal,train,1,OPEN
synpic19988,organ,what organ systems can be evaluated with this ct scan,musculoskeletal,train,1,OPEN
synpic32624,organ,which organ is captured by this x-ray,musculoskeletal,train,1,OPEN
synpic56691,organ,what organ is this mri showing,musculoskeletal,train,1,OPEN
synpic27462,organ,what organ system is shown in this mri,musculoskeletal,train,1,OPEN
synpic46203,organ,what organ is this image of,musculoskeletal,train,1,OPEN
synpic46541,organ,what organ system is visualized,musculoskeletal,train,1,OPEN
synpic51923,organ,what organ systems can be evaluated with this ct scan,musculoskeletal,train,1,OPEN
synpic27265,organ,what part of the body is being imaged,musculoskeletal,train,1,OPEN
synpic32628,organ,what organ is this image of,musculoskeletal,train,1,OPEN
synpic32662,organ,what organ is this image of,musculoskeletal,train,1,OPEN
synpic22723,organ,which organ is captured by this x-ray,musculoskeletal,train,1,OPEN
synpic43498,organ,what organ system is primarily present in this image,musculoskeletal,train,1,OPEN
synpic27338,organ,what organ system is imaged,musculoskeletal,val,1,OPEN
synpic28910,organ,what organ system is being imaged,musculoskeletal,train,1,OPEN
synpic39634,organ,the mri shows what organ system,musculoskeletal,train,1,OPEN
synpic27823,organ,what part of the body is being imaged here,musculoskeletal,train,1,OPEN
synpic30684,organ,what organ system is pictured here,musculoskeletal,train,1,OPEN
synpic27244,organ,which organ system is imaged,musculoskeletal,train,1,OPEN
synpic21285,organ,which organ is captured by this x-ray,musculoskeletal,train,1,OPEN
synpic16765,organ,what organ system is pictured here,musculoskeletal,val,1,OPEN
synpic45783,organ,what is the organ system in this image,musculoskeletal,train,1,OPEN
synpic35143,organ,what part of the body is being imaged here,musculoskeletal,train,1,OPEN
synpic21633,organ,which organ is captured by this mri,musculoskeletal,train,1,OPEN
synpic24936,organ,what part of the body is being imaged,musculoskeletal,train,1,OPEN
synpic26687,organ,what is one organ system seen in this image,musculoskeletal,train,1,OPEN
synpic26315,organ,what is the organ system in this image,musculoskeletal,train,1,OPEN
synpic22388,organ,the x-ray shows what organ system,musculoskeletal,train,1,OPEN
synpic25837,organ,what organ system is displayed in this x-ray,musculoskeletal,train,1,OPEN
synpic28925,organ,what organ system is being imaged,musculoskeletal,train,1,OPEN
synpic29645,organ,what organ system is primarily present in this image,musculoskeletal,val,1,OPEN
synpic25060,organ,what organ system is displayed in this mri,musculoskeletal,train,1,OPEN
synpic17961,organ,what organ system is shown in this x-ray,musculoskeletal,train,1,OPEN
synpic41255,organ,which organ system is imaged,musculoskeletal,train,1,OPEN
synpic32232,organ,what organ systems can be evaluated with this x-ray,musculoskeletal,train,1,OPEN
synpic19294,organ,what is the organ principally shown in this x-ray,musculoskeletal,train,1,OPEN
synpic60491,organ,what organ system is displayed in this x-ray,musculoskeletal,train,1,OPEN
synpic18872,organ,which organ system is imaged,musculoskeletal,train,1,OPEN
synpic39751,organ,what organ system is shown in the image,musculoskeletal,val,1,OPEN
synpic27267,organ,what organ system is primarily present in this image,musculoskeletal,train,1,OPEN
synpic18134,organ,which organ is captured by this x-ray,musculoskeletal,train,1,OPEN
synpic33132,organ,what organ is this image of,musculoskeletal,train,1,OPEN
synpic41989,organ,what organ system is imaged,musculoskeletal,train,1,OPEN
synpic28899,organ,what organ is this image of,musculoskeletal,val,1,OPEN
synpic30911,organ,what part of the body does this x-ray show,musculoskeletal,train,1,OPEN
synpic43533,organ,what organ system is displayed in this ct scan,musculoskeletal,train,1,OPEN
synpic42584,organ,what is the organ system in this image,musculoskeletal,train,1,OPEN
synpic46383,organ,what part of the body is being imaged,musculoskeletal,train,1,OPEN
synpic37732,organ,what organ system is displayed in this ct scan,musculoskeletal,train,1,OPEN
synpic20460,organ,what organ system is displayed in this ultrasound,musculoskeletal,train,1,OPEN
synpic50055,organ,which organ is captured by this x-ray,musculoskeletal,train,1,OPEN
synpic23087,organ,which organ system is shown in the mri,musculoskeletal,train,1,OPEN
synpic19169,organ,what organ is this image of,musculoskeletal,val,1,OPEN
synpic42581,organ,what organ system is shown in the image,musculoskeletal,train,1,OPEN
synpic30993,organ,what organ system is primarily present in this image,musculoskeletal,train,1,OPEN
synpic46303,organ,what organ system is shown in the image,musculoskeletal,train,1,OPEN
synpic7475,organ,what is the organ system in this image,musculoskeletal,train,1,OPEN
synpic38717,organ,what part of the body is being imaged here,musculoskeletal,train,1,OPEN
synpic39571,organ,what organ system is imaged,musculoskeletal,train,1,OPEN
synpic30992,organ,what part of the body is being imaged here,musculoskeletal,train,1,OPEN
synpic38953,organ,what is the organ principally shown in this x-ray,musculoskeletal,val,1,OPEN
synpic21681,organ,what organ systems can be evaluated with this mri,musculoskeletal,train,1,OPEN
synpic46350,organ,what part of the body does this mri show,musculoskeletal,train,1,OPEN
synpic25628,organ,what organ systems can be evaluated with this x-ray,musculoskeletal,val,1,OPEN
synpic49172,organ,what organ system is primarily present in this image,musculoskeletal,val,1,OPEN
synpic29734,organ,what organ system is primarily present in this image,musculoskeletal,train,1,OPEN
synpic13277,organ,what is one organ system seen in this image,musculoskeletal,train,1,OPEN
synpic28620,organ,what organ system is shown in this ct scan,musculoskeletal,train,1,OPEN
synpic35908,organ,what organ system is displayed in this ct scan,musculoskeletal,train,1,OPEN
synpic31286,organ,what is one organ system seen in this image,musculoskeletal,train,1,OPEN
synpic25834,organ,what organ is this image of,musculoskeletal,train,1,OPEN
synpic22726,organ,what part of the body is being imaged,musculoskeletal,train,1,OPEN
synpic31795,organ,what organ system is shown in the image,musculoskeletal,train,1,OPEN
synpic25620,organ,what organ systems can be evaluated with this x-ray,musculoskeletal,val,1,OPEN
synpic22225,organ,which organ system is imaged,musculoskeletal,train,1,OPEN
synpic26947,organ,what organ system is shown in the image,musculoskeletal,train,1,OPEN
synpic47810,organ,the mri shows what organ system,musculoskeletal,train,1,OPEN
synpic15871,organ,which organ is captured by this ct scan,musculoskeletal,val,1,OPEN
synpic20893,organ,what part of the body is being imaged,musculoskeletal,train,1,OPEN
synpic52482,organ,what organ system is shown in the image,musculoskeletal,train,1,OPEN
synpic20214,organ,what part of the body is being imaged here,musculoskeletal,train,1,OPEN
synpic44726,organ,what part of the body does this mri show,musculoskeletal,train,1,OPEN
synpic32227,organ,which organ system is imaged,musculoskeletal,train,1,OPEN
synpic35712,organ,which organ system is shown in the mri,musculoskeletal,train,1,OPEN
synpic28939,organ,what is one organ system seen in this image,musculoskeletal,train,1,OPEN
synpic39565,organ,what organ system is primarily present in this image,musculoskeletal,train,1,OPEN
synpic55053,organ,what part of the body is being imaged,musculoskeletal,train,1,OPEN
synpic14458,organ,what organ system is evaluated primarily,musculoskeletal,train,1,OPEN
synpic43474,organ,what organ systems can be evaluated with this x-ray,musculoskeletal,train,1,OPEN
synpic42335,organ,what is one organ system seen in this image,musculoskeletal,train,1,OPEN
synpic20810,organ,what is the organ system in this image,musculoskeletal,train,1,OPEN
synpic33358,organ,what is one organ system seen in this image,musculoskeletal,train,1,OPEN
synpic29260,organ,what organ system is shown in this x-ray,musculoskeletal,train,1,OPEN
synpic35639,organ,what organ is this image of,musculoskeletal,train,1,OPEN
synpic29781,organ,which organ system is imaged,musculoskeletal,train,1,OPEN
synpic23120,organ,what is the organ system in this image,musculoskeletal,train,1,OPEN
synpic23289,organ,what part of the body is being imaged here,musculoskeletal,train,1,OPEN
synpic16361,organ,what is the organ principally shown in this mri,musculoskeletal,val,1,OPEN
synpic24944,organ,what organ systems can be evaluated with this ct scan,musculoskeletal,train,1,OPEN
synpic29259,organ,what organ system is evaluated primarily,musculoskeletal,train,1,OPEN
synpic27120,organ,which organ system is imaged,musculoskeletal,train,1,OPEN
synpic17310,organ,what organ system is evaluated primarily,musculoskeletal,train,1,OPEN
synpic27155,organ,what organ systems can be evaluated with this x-ray,musculoskeletal,train,1,OPEN
synpic19015,organ,what organ system is evaluated primarily,musculoskeletal,train,1,OPEN
synpic12143,organ,what is the organ principally shown in this mri,musculoskeletal,train,1,OPEN
synpic33695,organ,which organ system is imaged,musculoskeletal,val,1,OPEN
synpic44925,organ,what is one organ system seen in this image,musculoskeletal,train,1,OPEN
synpic17970,organ,what organ system is shown in the image,musculoskeletal,val,1,OPEN
synpic19695,organ,which organ system is shown in the x-ray,musculoskeletal,train,1,OPEN
synpic42132,organ,what organ systems can be evaluated with this x-ray,musculoskeletal,train,1,OPEN
synpic18902,organ,what is one organ system seen in this image,musculoskeletal,val,1,OPEN
synpic33140,organ,what organ system is pictured here,musculoskeletal,train,1,OPEN
synpic27870,organ,which organ system is shown in the x-ray,musculoskeletal,train,1,OPEN
synpic43814,organ,what is the organ system in this image,musculoskeletal,train,1,OPEN
synpic16883,organ,what part of the body does this mri show,musculoskeletal,val,1,OPEN
synpic18355,organ,what part of the body is being imaged,musculoskeletal,train,1,OPEN
synpic43908,organ,what part of the body is being imaged here,musculoskeletal,train,1,OPEN
synpic16193,organ,what organ system is shown in the image,musculoskeletal,train,1,OPEN
synpic18938,organ,what organ system is evaluated primarily,musculoskeletal,test,1,OPEN
synpic16486,organ,what organ system is shown in this x-ray,musculoskeletal,train,1,OPEN
synpic22268,organ,what organ system is shown in the image,musculoskeletal,train,1,OPEN
synpic33494,organ,what part of the body does this x-ray show,musculoskeletal,train,1,OPEN
synpic38326,organ,what part of the body does this ct scan show,musculoskeletal,train,1,OPEN
synpic43490,organ,what organ system is primarily present in this image,musculoskeletal,train,1,OPEN
synpic41703,organ,what organ system is primarily present in this image,musculoskeletal,train,1,OPEN
synpic42195,organ,what organ system is visualized,musculoskeletal,train,1,OPEN
synpic23479,organ,which organ system is shown in the ct scan,musculoskeletal,train,1,OPEN
synpic41826,organ,what organ is this image of,musculoskeletal,train,1,OPEN
synpic31741,organ,what organ system is displayed in this x-ray,musculoskeletal,train,1,OPEN
synpic36233,organ,what organ system is shown in this x-ray,musculoskeletal,train,1,OPEN
synpic30762,organ,what organ system is visualized,musculoskeletal,train,1,OPEN
synpic35369,organ,what organ system is visualized,musculoskeletal,train,1,OPEN
synpic17986,organ,what organ system is visualized,musculoskeletal,train,1,OPEN
synpic12943,organ,what organ system is displayed in this mri,musculoskeletal,train,1,OPEN
synpic33213,organ,which organ system is imaged,musculoskeletal,train,1,OPEN
synpic31838,organ,what is one organ system seen in this image,musculoskeletal,train,1,OPEN
synpic36381,organ,what organ is this image of,musculoskeletal,train,1,OPEN
synpic26296,organ,what organ system is being imaged,musculoskeletal,train,1,OPEN
synpic34688,organ,what is one organ system seen in this image,musculoskeletal,train,1,OPEN
synpic41825,organ,which organ is captured by this mri,musculoskeletal,val,1,OPEN
synpic35910,organ,what is one organ system seen in this image,musculoskeletal,train,1,OPEN
synpic19600,organ,what is one organ system seen in this image,musculoskeletal,train,1,OPEN
synpic26581,organ,what part of the body is being imaged,musculoskeletal,test,1,OPEN
synpic19991,organ,what organ system is primarily present in this image,musculoskeletal,test,1,OPEN
synpic100252,organ,the x-ray shows what organ system,musculoskeletal,train,1,OPEN
synpic54830,organ,what organ system is evaluated primarily,musculoskeletal,val,1,OPEN
synpic18934,organ,what organ system is pictured here,musculoskeletal,train,1,OPEN
synpic46709,organ,what organ system is shown in the image,musculoskeletal,train,1,OPEN
synpic39569,organ,what organ is this x-ray showing,musculoskeletal,val,1,OPEN
synpic43494,organ,which organ system is imaged,musculoskeletal,train,1,OPEN
synpic56917,organ,what organ system is shown in the image,musculoskeletal,train,1,OPEN
synpic19176,organ,what organ system is displayed in this mri,musculoskeletal,train,1,OPEN
synpic39793,organ,which organ system is imaged,musculoskeletal,train,1,OPEN
synpic25639,organ,what is one organ system seen in this image,musculoskeletal,train,1,OPEN
synpic23091,organ,what organ systems can be evaluated with this mri,musculoskeletal,train,1,OPEN
synpic31577,organ,what organ system is primarily present in this image,musculoskeletal,train,1,OPEN
synpic43817,organ,what part of the body is being imaged here,musculoskeletal,val,1,OPEN
synpic30372,organ,what organ system is imaged,musculoskeletal,train,1,OPEN
synpic33211,organ,which organ system is shown in the mri,musculoskeletal,train,1,OPEN
synpic17124,organ,which organ is captured by this x-ray,musculoskeletal,val,1,OPEN
synpic38902,organ,which organ is captured by this mri,musculoskeletal,train,1,OPEN
synpic26996,organ,what organ system is displayed in this mri,musculoskeletal,train,1,OPEN
synpic23294,organ,which organ system is imaged,musculoskeletal,train,1,OPEN
synpic54588,organ,what part of the body is being imaged,musculoskeletal,train,1,OPEN
synpic25635,organ,what organ system is primarily present in this image,musculoskeletal,train,1,OPEN
synpic51751,organ,which organ is captured by this mri,musculoskeletal,train,1,OPEN
synpic44982,organ,what organ is this ct scan showing,musculoskeletal,train,1,OPEN
synpic57218,organ,what part of the body is being imaged,musculoskeletal,val,1,OPEN
synpic31649,organ,what organ system is pictured here,musculoskeletal,train,1,OPEN
synpic19670,organ,the mri shows what organ system,musculoskeletal,train,1,OPEN
synpic58420,organ,what organ systems can be evaluated with this mri,musculoskeletal,train,1,OPEN
synpic29744,organ,what part of the body does this x-ray show,musculoskeletal,train,1,OPEN
synpic48966,organ,what organ system is shown in this mri,musculoskeletal,train,1,OPEN
synpic54547,organ,what organ system is imaged,musculoskeletal,train,1,OPEN
synpic31782,organ,what organ system is visualized,musculoskeletal,train,1,OPEN
synpic26311,organ,what is the organ principally shown in this ct scan,musculoskeletal,train,1,OPEN
synpic27259,organ,what organ is this image of,musculoskeletal,train,1,OPEN
synpic39956,organ,what part of the body is being imaged here,musculoskeletal,train,1,OPEN
synpic54552,organ,the ultrasound shows what organ system,musculoskeletal,train,1,OPEN
synpic16998,organ,what organ system is imaged,musculoskeletal,train,1,OPEN
synpic26448,organ,which organ is captured by this x-ray,musculoskeletal,train,1,OPEN
synpic23302,organ,what part of the body is being imaged,musculoskeletal,train,1,OPEN
synpic44127,organ,what organ system is displayed in this x-ray,musculoskeletal,train,1,OPEN
synpic18201,organ,what organ system is shown in the image,musculoskeletal,train,1,OPEN
synpic32304,organ,what organ system is visualized,musculoskeletal,train,1,OPEN
synpic26907,organ,what part of the body is being imaged here,musculoskeletal,train,1,OPEN
synpic19669,organ,what part of the body does this x-ray show,musculoskeletal,train,1,OPEN
synpic26227,organ,what organ system is evaluated primarily,musculoskeletal,test,1,OPEN
synpic29841,organ,what organ system is shown in the image,musculoskeletal,train,1,OPEN
synpic31783,organ,what organ system is imaged,musculoskeletal,train,1,OPEN
synpic27140,organ,what is the organ principally shown in this x-ray,musculoskeletal,train,1,OPEN
synpic38175,organ,what organ system is imaged,musculoskeletal,train,1,OPEN
synpic38966,organ,what organ systems can be evaluated with this x-ray,musculoskeletal,train,1,OPEN
synpic27736,organ,what organ system is shown in the image,musculoskeletal,train,1,OPEN
synpic43964,organ,which organ system is imaged,musculoskeletal,train,1,OPEN
synpic56914,organ,what organ system is being imaged,musculoskeletal,train,1,OPEN
synpic21523,organ,which organ system is imaged,musculoskeletal,train,1,OPEN
synpic23672,organ,which organ system is shown in the mri,musculoskeletal,train,1,OPEN
synpic32270,organ,what organ system is shown in the image,musculoskeletal,train,1,OPEN
synpic46966,organ,what is the organ system in this image,musculoskeletal,val,1,OPEN
synpic25752,organ,which organ system is imaged,musculoskeletal,train,1,OPEN
synpic19599,organ,which organ is captured by this mri,musculoskeletal,train,1,OPEN
synpic21933,organ,which organ system is shown in the mri,musculoskeletal,train,1,OPEN
synpic49150,organ,what is the organ principally shown in this x-ray,musculoskeletal,train,1,OPEN
synpic34841,organ,what is the organ principally shown in this mri,musculoskeletal,val,1,OPEN
synpic18359,organ,what organ system is shown in the image,musculoskeletal,val,1,OPEN
synpic52243,organ,what organ is this ct scan showing,musculoskeletal,train,1,OPEN
synpic45945,organ,what organ system is visualized,musculoskeletal,train,1,OPEN
synpic43496,organ,what organ systems can be evaluated with this x-ray,musculoskeletal,train,1,OPEN
synpic28097,organ,what organ system is shown in this mri,musculoskeletal,train,1,OPEN
synpic44983,organ,what organ system is visualized,musculoskeletal,train,1,OPEN
synpic30858,organ,which organ system is shown in the x-ray,musculoskeletal,train,1,OPEN
synpic42267,organ,what organ system is shown in the image,musculoskeletal,train,1,OPEN
synpic24928,organ,which organ system is shown in the nuclear medicine image,musculoskeletal,train,1,OPEN
synpic16189,organ,what organ system is visualized,musculoskeletal,train,1,OPEN
synpic34662,organ,which organ system is shown in the x-ray,musculoskeletal,train,1,OPEN
synpic32276,organ,what is the organ system in this image,musculoskeletal,train,1,OPEN
synpic32694,organ,what organ system is shown in the image,musculoskeletal,train,1,OPEN
synpic56278,organ,what is the organ system in this image,musculoskeletal,train,1,OPEN
synpic39563,organ,what organ system is shown in the image,musculoskeletal,train,1,OPEN
synpic43476,organ,what organ system is evaluated primarily,musculoskeletal,train,1,OPEN
synpic31059,organ,what organ is this image of,musculoskeletal,train,1,OPEN
synpic21352,organ,what part of the body does this mri show,musculoskeletal,train,1,OPEN
synpic13653,organ,what organ system is imaged,musculoskeletal,train,1,OPEN
synpic20074,organ,what organ system is visualized,musculoskeletal,train,1,OPEN
synpic26155,organ,what organ system is visualized,musculoskeletal,train,1,OPEN
synpic22075,organ,what organ system is primarily present in this image,musculoskeletal,train,1,OPEN
synpic39165,organ,what is one organ system seen in this image,musculoskeletal,train,1,OPEN
synpic8269,organ,what is one organ system seen in this image,musculoskeletal,train,1,OPEN
synpic19753,organ,what organ system is displayed in this mri,musculoskeletal,train,1,OPEN
synpic51235,organ,which organ system is shown in the mri,musculoskeletal,train,1,OPEN
synpic24899,organ,what part of the body is being imaged here,musculoskeletal,val,1,OPEN
synpic23085,organ,what organ is this image of,musculoskeletal,train,1,OPEN
synpic27327,organ,what organ system is primarily present in this image,musculoskeletal,train,1,OPEN
synpic26859,organ,what organ system is being imaged,musculoskeletal,train,1,OPEN
synpic31140,organ,what is one organ system seen in this image,musculoskeletal,train,1,OPEN
synpic52331,organ,what organ systems can be evaluated with this x-ray,musculoskeletal,train,1,OPEN
synpic60067,organ,what part of the body is being imaged,musculoskeletal,train,1,OPEN
synpic32265,organ,what organ system is shown in the image,musculoskeletal,train,1,OPEN
synpic36974,organ,what part of the body is being imaged,musculoskeletal,train,1,OPEN
synpic29818,organ,what organ system is pictured here,musculoskeletal,train,1,OPEN
synpic19751,organ,what organ system is visualized,musculoskeletal,train,1,OPEN
synpic53300,organ,what organ is this image of,musculoskeletal,train,1,OPEN
synpic28093,organ,what organ system is shown in the image,musculoskeletal,train,1,OPEN
synpic42332,organ,what organ system is shown in the image,musculoskeletal,train,1,OPEN
synpic24341,organ,what is one organ system seen in this image,musculoskeletal,train,1,OPEN
synpic20100,organ,what organ system is shown in the image,musculoskeletal,train,1,OPEN
synpic60066,organ,which organ system is shown in the mri,musculoskeletal,train,1,OPEN
synpic28188,organ,what organ system is visualized,musculoskeletal,val,1,OPEN
synpic16165,organ,what organ is this image of,musculoskeletal,train,1,OPEN
synpic35353,organ,what is the organ system in this image,musculoskeletal,train,1,OPEN
synpic27268,organ,what organ system is displayed in this x-ray,musculoskeletal,train,1,OPEN
synpic28827,organ,what organ system is imaged,musculoskeletal,train,1,OPEN
synpic38983,organ,what organ system is shown in this x-ray,musculoskeletal,train,1,OPEN
synpic39581,organ,what is one organ system seen in this image,musculoskeletal,train,1,OPEN
synpic36234,organ,what organ system is shown in this x-ray,musculoskeletal,train,1,OPEN
synpic51724,organ,what part of the body is being imaged here,musculoskeletal,train,1,OPEN
synpic29237,organ,what organ system is displayed in this x-ray,musculoskeletal,val,1,OPEN
synpic25061,organ,which organ is captured by this mri,musculoskeletal,train,1,OPEN
synpic22904,organ,what organ system is shown in the image,musculoskeletal,train,1,OPEN
synpic32374,organ,the x-ray shows what organ system,musculoskeletal,train,1,OPEN
synpic34759,organ,what organ system is shown in the image,musculoskeletal,train,1,OPEN
synpic39775,organ,what organ is this x-ray showing,musculoskeletal,train,1,OPEN
synpic42135,organ,what organ system is visualized,musculoskeletal,val,1,OPEN
synpic25642,organ,what organ system is shown in the image,musculoskeletal,train,1,OPEN
synpic19071,organ,what is one organ system seen in this image,musculoskeletal,train,1,OPEN
synpic27046,organ,what organ system is visualized,musculoskeletal,val,1,OPEN
synpic29780,organ,what organ system is being imaged,musculoskeletal,train,1,OPEN
synpic58377,organ,what organ system is imaged,musculoskeletal,train,1,OPEN
synpic18311,organ,what part of the body is being imaged,musculoskeletal,train,1,OPEN
synpic32266,organ,what is the organ principally shown in this ct scan,musculoskeletal,train,1,OPEN
synpic36220,organ,what part of the body is being imaged,musculoskeletal,train,1,OPEN
synpic53860,organ,what organ system is evaluated primarily,musculoskeletal,train,1,OPEN
synpic15869,organ,which organ system is imaged,musculoskeletal,train,1,OPEN
synpic25634,organ,the x-ray shows what organ system,musculoskeletal,val,1,OPEN
synpic28119,organ,what organ system is shown in the image,musculoskeletal,train,1,OPEN
synpic52166,organ,which organ is captured by this ct scan,musculoskeletal,val,1,OPEN
synpic26268,organ,what organ system is evaluated primarily,musculoskeletal,train,1,OPEN
synpic43576,organ,which organ system is shown in the x-ray,musculoskeletal,val,1,OPEN
synpic31776,organ,what organ system is imaged,musculoskeletal,train,1,OPEN
synpic33426,organ,what organ system is shown in the image,musculoskeletal,train,1,OPEN
synpic25128,organ,what organ system is shown in the image,musculoskeletal,train,1,OPEN
synpic26781,organ,what organ system is shown in the image,musculoskeletal,test,1,OPEN
synpic19890,organ,which organ is captured by this ct scan,musculoskeletal,train,1,OPEN
synpic34661,organ,what part of the body is being imaged,musculoskeletal,train,1,OPEN
synpic42219,organ,what part of the body is being imaged,musculoskeletal,train,1,OPEN
synpic59211,organ,what organ system is shown in the image,musculoskeletal,train,1,OPEN
synpic21602,organ,which organ system is shown in the x-ray,musculoskeletal,val,1,OPEN
synpic40239,organ,what organ system is evaluated primarily,musculoskeletal,train,1,OPEN
synpic33002,organ,what organ system is evaluated primarily,musculoskeletal,train,1,OPEN
synpic18912,organ,which organ is captured by this mri,musculoskeletal,train,1,OPEN
synpic32854,organ,what organ system is shown in this x-ray,musculoskeletal,train,1,OPEN
synpic32703,organ,what organ systems can be evaluated with this x-ray,musculoskeletal,train,1,OPEN
synpic61204,organ,what part of the body is being imaged here,musculoskeletal,val,1,OPEN
synpic26146,organ,what organ system is imaged,musculoskeletal,train,1,OPEN
synpic15878,organ,what organ system is shown in the image,musculoskeletal,train,1,OPEN
synpic44926,organ,what organ is this mri showing,musculoskeletal,val,1,OPEN
synpic39632,organ,what organ system is primarily present in this image,musculoskeletal,train,1,OPEN
synpic21578,organ,the x-ray shows what organ system,musculoskeletal,train,1,OPEN
synpic37093,organ,what organ system is primarily present in this image,musculoskeletal,train,1,OPEN
synpic50580,organ,what organ system is shown in the image,musculoskeletal,train,1,OPEN
synpic24930,organ,what organ system is displayed in this nuclear medicine image,musculoskeletal,train,1,OPEN
synpic52849,organ,what organ is this image of,musculoskeletal,train,1,OPEN
synpic39193,organ,what organ system is visualized,musculoskeletal,val,1,OPEN
synpic46232,organ,which organ system is shown in the ct scan,musculoskeletal,train,1,OPEN
synpic22586,organ,what organ system is shown in this x-ray,musculoskeletal,train,1,OPEN
synpic19524,organ,what is the organ principally shown in this mri,musculoskeletal,train,1,OPEN
synpic32688,organ,what organ is this x-ray showing,musculoskeletal,train,1,OPEN
synpic20374,organ,what is the organ principally shown in this x-ray,musculoskeletal,train,1,OPEN
synpic32629,organ,what organ system is shown in the image,musculoskeletal,train,1,OPEN
synpic43501,organ,what is one organ system seen in this image,musculoskeletal,train,1,OPEN
synpic46970,organ,what organ system is primarily present in this image,musculoskeletal,train,1,OPEN
synpic22402,organ,what organ system is being imaged,musculoskeletal,train,1,OPEN
synpic21559,organ,what part of the body is being imaged,musculoskeletal,train,1,OPEN
synpic27944,organ,which organ system is imaged,musculoskeletal,train,1,OPEN
synpic27246,organ,what is one organ system seen in this image,musculoskeletal,train,1,OPEN
synpic16167,organ,what part of the body is being imaged here,musculoskeletal,train,1,OPEN
synpic19679,organ,which organ system is imaged,musculoskeletal,train,1,OPEN
synpic32240,organ,what organ system is displayed in this x-ray,musculoskeletal,train,1,OPEN
synpic36193,organ,what organ system is shown in the image,musculoskeletal,train,1,OPEN
synpic24510,organ,what is one organ system seen in this image,musculoskeletal,train,1,OPEN
synpic28664,organ,what organ is this image of,musculoskeletal,train,1,OPEN
synpic23125,organ,what organ system is displayed in this mri,musculoskeletal,train,1,OPEN
synpic25640,organ,what is the organ system in this image,musculoskeletal,train,1,OPEN
synpic26225,organ,what part of the body is being imaged here,musculoskeletal,train,1,OPEN
synpic50586,organ,what organ system is being imaged,musculoskeletal,train,1,OPEN
synpic43492,organ,what organ system is visualized,musculoskeletal,train,1,OPEN
synpic46591,organ,what organ system is imaged,musculoskeletal,train,1,OPEN
synpic32655,organ,which organ system is shown in the ct scan,musculoskeletal,train,1,OPEN
synpic56123,organ,what organ system is primarily present in this image,musculoskeletal,val,1,OPEN
synpic28315,organ,what part of the body is being imaged here,musculoskeletal,train,1,OPEN
synpic18911,organ,what organ system is shown in the image,musculoskeletal,train,1,OPEN
synpic33463,organ,what organ system is imaged,musculoskeletal,train,1,OPEN
synpic16880,organ,which organ system is imaged,musculoskeletal,val,1,OPEN
synpic36375,organ,which organ system is imaged,musculoskeletal,train,1,OPEN
synpic25301,organ,which organ system is shown in the ct scan,musculoskeletal,train,1,OPEN
synpic21981,organ,what organ system is shown in the image,musculoskeletal,train,1,OPEN
synpic52481,organ,what organ system is pictured here,musculoskeletal,train,1,OPEN
synpic42589,organ,what organ system is imaged,musculoskeletal,test,1,OPEN
synpic33126,organ,what is the organ principally shown in this ultrasound,musculoskeletal,train,1,OPEN
synpic55437,organ,what organ system is imaged,musculoskeletal,train,1,OPEN
synpic59765,organ,what part of the body is being imaged here,musculoskeletal,train,1,OPEN
synpic35954,organ,what organ system is shown in the image,musculoskeletal,train,1,OPEN
synpic21186,organ,what part of the body is being imaged here,musculoskeletal,val,1,OPEN
synpic32705,organ,what organ system is being imaged,musculoskeletal,train,1,OPEN
synpic20393,organ,which organ is captured by this x-ray,musculoskeletal,val,1,OPEN
synpic17061,organ,what organ system is pictured here,musculoskeletal,train,1,OPEN
synpic34143,organ,what organ system is pictured here,musculoskeletal,train,1,OPEN
synpic33956,organ,what part of the body is being imaged here,musculoskeletal,train,1,OPEN
synpic37733,organ,what part of the body is being imaged here,musculoskeletal,train,1,OPEN
synpic61253,organ,which organ system is imaged,musculoskeletal,train,1,OPEN
synpic32249,organ,what organ system is shown in this x-ray,musculoskeletal,train,1,OPEN
synpic100407,organ,what is the organ system in this image,musculoskeletal,train,1,OPEN
synpic34910,organ,what organ system is displayed in this mri,musculoskeletal,train,1,OPEN
synpic19129,organ,what organ system is evaluated primarily,musculoskeletal,train,1,OPEN
synpic54829,organ,what organ system is shown in the image,musculoskeletal,train,1,OPEN
synpic46544,organ,what part of the body is being imaged here,musculoskeletal,train,1,OPEN
synpic27614,organ,what organ system is primarily present in this image,musculoskeletal,val,1,OPEN
synpic44126,organ,what organ is this image of,musculoskeletal,train,1,OPEN
synpic21201,organ,which organ system is shown in the x-ray,musculoskeletal,val,1,OPEN
synpic29772,organ,what part of the body is being imaged here,musculoskeletal,val,1,OPEN
synpic36113,organ,what organ system is pictured here,musculoskeletal,train,1,OPEN
synpic34660,organ,what organ system is imaged,musculoskeletal,train,1,OPEN
synpic21355,organ,what part of the body is being imaged,musculoskeletal,train,1,OPEN
synpic25619,organ,which organ is captured by this x-ray,musculoskeletal,train,1,OPEN
synpic40450,organ,what organ system is displayed in this x-ray,musculoskeletal,train,1,OPEN
synpic33990,organ,what organ system is pictured here,musculoskeletal,train,1,OPEN
synpic51685,organ,what is the organ principally shown in this x-ray,musculoskeletal,train,1,OPEN
synpic100403,organ,what organ system is imaged,musculoskeletal,train,1,OPEN
synpic16441,organ,what organ system is evaluated primarily,musculoskeletal,train,1,OPEN
synpic32370,organ,which organ system is imaged,musculoskeletal,train,1,OPEN
synpic32753,organ,what part of the body is being imaged here,musculoskeletal,train,1,OPEN
synpic25290,organ,what is the organ principally shown in this x-ray,musculoskeletal,train,1,OPEN
synpic20194,organ,what organ system is imaged,musculoskeletal,train,1,OPEN
synpic51344,organ,what organ system is shown in this ct scan,musculoskeletal,train,1,OPEN
synpic21749,organ,what organ system is visualized,musculoskeletal,test,1,OPEN
synpic41736,organ,what organ systems can be evaluated with this x-ray,musculoskeletal,test,1,OPEN
synpic16192,organ,what organ system is shown in the image,musculoskeletal,train,1,OPEN
synpic28900,organ,which organ system is shown in the x-ray,musculoskeletal,train,1,OPEN
synpic33462,organ,what is one organ system seen in this image,musculoskeletal,train,1,OPEN
synpic14645,organ,what is one organ system seen in this image,musculoskeletal,val,1,OPEN
synpic19885,organ,what part of the body is being imaged,musculoskeletal,train,1,OPEN
synpic29054,organ,what organ is this x-ray showing,musculoskeletal,val,1,OPEN
synpic43955,organ,which organ system is imaged,musculoskeletal,val,1,OPEN
synpic21968,organ,what organ system is being imaged,musculoskeletal,train,1,OPEN
synpic33151,organ,what is the organ principally shown in this x-ray,musculoskeletal,train,1,OPEN
synpic23975,organ,what organ system is primarily present in this image,musculoskeletal,train,1,OPEN
synpic18493,organ,what organ system is shown in this x-ray,musculoskeletal,train,1,OPEN
synpic52296,organ,what organ is this mri showing,musculoskeletal,train,1,OPEN
synpic38915,organ,what part of the body is being imaged here,musculoskeletal,train,1,OPEN
synpic53645,organ,what organ system is primarily present in this image,musculoskeletal,train,1,OPEN
synpic16378,organ,what organ system is shown in the image,musculoskeletal,val,1,OPEN
synpic17583,organ,what organ system is visualized,musculoskeletal,val,1,OPEN
synpic4164,organ,what organ system is pictured here,musculoskeletal,test,1,OPEN
synpic21431,organ,what part of the body does this ct scan show,musculoskeletal,train,1,OPEN
synpic45929,organ,which organ system is shown in the ct scan,musculoskeletal,train,1,OPEN
synpic27571,organ,what organ system is visualized,musculoskeletal,val,1,OPEN
synpic39567,organ,what organ system is imaged,musculoskeletal,train,1,OPEN
synpic44727,organ,what organ system is shown in this mri,musculoskeletal,train,1,OPEN
synpic21760,organ,the x-ray shows what organ system,musculoskeletal,train,1,OPEN
synpic31678,organ,what organ system is pictured here,musculoskeletal,val,1,OPEN
synpic17228,organ,what part of the body is being imaged here,musculoskeletal,val,1,OPEN
synpic52430,organ,what is the organ principally shown in this mri,musculoskeletal,val,1,OPEN
synpic34214,organ,what organ system is displayed in this mri,musculoskeletal,train,1,OPEN
synpic24174,organ,what organ system is shown in the image,musculoskeletal,train,1,OPEN
synpic34669,organ,what organ system is displayed in this mri,musculoskeletal,train,1,OPEN
synpic43477,organ,what organ system is imaged,musculoskeletal,val,1,OPEN
synpic30376,organ,what organ system is being imaged,musculoskeletal,train,1,OPEN
synpic40752,organ,what is the organ system in this image,musculoskeletal,train,1,OPEN
synpic18757,organ,what part of the body is being imaged,musculoskeletal,train,1,OPEN
synpic51115,organ,which organ system is imaged,musculoskeletal,train,1,OPEN
synpic16618,organ,what part of the body is being imaged here,musculoskeletal,train,1,OPEN
synpic41271,organ,which organ is captured by this x-ray,musculoskeletal,val,1,OPEN
synpic31737,organ,what organ system is displayed in this ct scan,musculoskeletal,train,1,OPEN
synpic44128,organ,what organ is this ct scan showing,musculoskeletal,train,1,OPEN
synpic31561,organ,what part of the body is being imaged,musculoskeletal,test,1,OPEN
synpic61155,organ,what organ system is shown in the image,musculoskeletal,train,1,OPEN
synpic22956,organ,what organ system is shown in the image,musculoskeletal,train,1,OPEN
synpic60065,organ,which organ is captured by this mri,musculoskeletal,val,1,OPEN
synpic38951,organ,what organ system is visualized,musculoskeletal,val,1,OPEN
synpic32856,organ,what organ system is primarily present in this image,musculoskeletal,train,1,OPEN
synpic34659,organ,what organ system is shown in the image,musculoskeletal,train,1,OPEN
synpic32852,organ,what organ systems can be evaluated with this x-ray,musculoskeletal,train,1,OPEN
synpic22390,organ,what organ is this ct scan showing,musculoskeletal,val,1,OPEN
synpic17799,organ,what organ system is primarily present in this image,musculoskeletal,train,1,OPEN
synpic33143,organ,which organ system is shown in the mri,musculoskeletal,val,1,OPEN
synpic19519,organ,what is the organ system in this image,musculoskeletal,train,1,OPEN
synpic43827,organ,what organ system is being imaged,musculoskeletal,train,1,OPEN
synpic26211,organ,what organ system is imaged,musculoskeletal,train,1,OPEN
synpic39618,organ,which organ system is shown in the x-ray,musculoskeletal,val,1,OPEN
synpic29238,organ,what organ system is shown in this x-ray,musculoskeletal,train,1,OPEN
synpic46543,organ,what organ systems can be evaluated with this ultrasound,musculoskeletal,train,1,OPEN
synpic43423,organ,what is one organ system seen in this image,musculoskeletal,val,1,OPEN
synpic24344,organ,what part of the body is being imaged,musculoskeletal,train,1,OPEN
synpic32632,organ,what is the organ principally shown in this x-ray,musculoskeletal,val,1,OPEN
synpic38331,organ,what organ system is imaged,musculoskeletal,val,1,OPEN
synpic28793,organ,what part of the body is being imaged here,musculoskeletal,train,1,OPEN
synpic32274,organ,what is one organ system seen in this image,musculoskeletal,train,1,OPEN
synpic47178,organ,what organ system is visualized,musculoskeletal,val,1,OPEN
synpic43823,organ,what is one organ system seen in this image,musculoskeletal,train,1,OPEN
synpic35366,organ,what organ system is pictured here,musculoskeletal,train,1,OPEN
synpic22081,organ,what organ is this x-ray showing,musculoskeletal,train,1,OPEN
synpic17359,organ,what part of the body is being imaged,musculoskeletal,train,1,OPEN
synpic18603,organ,which organ system is imaged,musculoskeletal,train,1,OPEN
synpic50065,organ,what organ system is shown in the image,musculoskeletal,train,1,OPEN
synpic36110,organ,what organ system is pictured here,musculoskeletal,val,1,OPEN
synpic28094,organ,what organ systems can be evaluated with this x-ray,musculoskeletal,val,1,OPEN
synpic45463,organ,what organ system is imaged,musculoskeletal,train,1,OPEN
synpic16506,organ,what organ system is displayed in this mri,musculoskeletal,train,1,OPEN
synpic48704,organ,which organ system is shown in the mri,musculoskeletal,train,1,OPEN
synpic47498,organ,what organ system is shown in this x-ray,musculoskeletal,train,1,OPEN
synpic32633,organ,what organ is this image of,musculoskeletal,train,1,OPEN
synpic60458,organ,what part of the body is being imaged here,musculoskeletal,val,1,OPEN
synpic27893,organ,which organ system is imaged,musculoskeletal,train,1,OPEN
synpic57089,organ,what is the organ principally shown in this x-ray,musculoskeletal,train,1,OPEN
synpic27721,organ,what organ systems can be evaluated with this x-ray,musculoskeletal,train,1,OPEN
synpic51687,organ,what organ system is shown in the image,musculoskeletal,train,1,OPEN
synpic44464,organ,what organ system is visualized,musculoskeletal,test,1,OPEN
synpic43471,organ,what is the organ system in this image,musculoskeletal,train,1,OPEN
synpic22021,organ,what organ is this image of,musculoskeletal,train,1,OPEN
synpic15124,modality,is this a t2 weighted image,no,train,2,CLOSED
synpic33747,modality,is this an mri image,no,train,2,CLOSED
synpic47538,modality,was gi contrast given to the patient,no,train,2,CLOSED
synpic56642,modality,was the mri taken with contrast,no,train,2,CLOSED
synpic16873,modality,is this a noncontrast ct,no,train,2,CLOSED
synpic58789,modality,was the ct scan taken with contrast,no,train,2,CLOSED
synpic41011,modality,is this a t2 weighted image,no,test,2,CLOSED
synpic33915,modality,is this a t1 weighted image,no,train,2,CLOSED
synpic42581,modality,was the ct scan taken with contrast,no,train,2,CLOSED
synpic28611,modality,is this a noncontrast ct,no,train,2,CLOSED
synpic28034,modality,is this a ct scan,no,train,2,CLOSED
synpic59710,modality,was gi contrast given to the patient,no,train,2,CLOSED
synpic24697,modality,was the mri taken with contrast,no,train,2,CLOSED
synpic41415,modality,is this a ct scan,no,train,2,CLOSED
synpic28492,modality,is this an mri image,no,train,2,CLOSED
synpic48298,modality,was the ct scan taken with contrast,no,train,2,CLOSED
synpic38218,modality,is this a noncontrast mri,no,train,2,CLOSED
synpic41680,modality,is this a ct scan,no,train,2,CLOSED
synpic19581,modality,was the ct scan taken with contrast,no,train,2,CLOSED
synpic36467,modality,is this a t1 weighted image,no,train,2,CLOSED
synpic37858,modality,was the mri taken with contrast,no,train,2,CLOSED
synpic46264,modality,is this an mri image,no,train,2,CLOSED
synpic35688,modality,is this a ct scan,no,train,2,CLOSED
synpic54434,modality,is this a t1 weighted image,no,val,2,CLOSED
synpic35705,modality,is this an mri image,no,train,2,CLOSED
synpic28146,modality,is this an mri image,no,train,2,CLOSED
synpic35681,abnormality,is there an abnormality in the mri,no,val,2,CLOSED
synpic36990,modality,was gi contrast given to the patient,no,train,2,CLOSED
synpic38434,modality,was the ct scan taken with contrast,no,train,2,CLOSED
synpic41697,modality,is this a t2 weighted image,no,train,2,CLOSED
synpic55850,modality,was the mri taken with contrast,no,val,2,CLOSED
synpic13313,modality,is this an mri image,no,train,2,CLOSED
synpic56144,modality,is this a noncontrast mri,no,train,2,CLOSED
synpic21933,modality,is this a ct scan,no,train,2,CLOSED
synpic59939,modality,is this a ct scan,no,val,2,CLOSED
synpic56634,modality,is this a t1 weighted image,no,train,2,CLOSED
synpic57750,modality,is this a ct scan,no,train,2,CLOSED
synpic28473,modality,is this a noncontrast ct,no,train,2,CLOSED
synpic59198,modality,is this an mri image,no,train,2,CLOSED
synpic46502,modality,is this a t1 weighted image,no,train,2,CLOSED
synpic40065,modality,is this an mri image,no,train,2,CLOSED
synpic57401,modality,is this a noncontrast mri,no,train,2,CLOSED
synpic40285,modality,is this a t1 weighted image,no,train,2,CLOSED
synpic17481,modality,was the ct scan taken with contrast,no,train,2,CLOSED
synpic47289,modality,is this a t2 weighted image,no,train,2,CLOSED
synpic21633,modality,is this a ct scan,no,train,2,CLOSED
synpic18994,modality,is this a t2 weighted image,no,train,2,CLOSED
synpic30351,modality,is this an mri image,no,train,2,CLOSED
synpic54544,abnormality,is there something wrong in the image,no,train,2,CLOSED
synpic32726,modality,is this a noncontrast ct,no,train,2,CLOSED
synpic51392,modality,is this a t2 weighted image,no,train,2,CLOSED
synpic31678,modality,is this an mri image,no,val,2,CLOSED
synpic16378,modality,is this a noncontrast ct,no,val,2,CLOSED
synpic52275,modality,is this a t2 weighted image,no,train,2,CLOSED
synpic23773,modality,is this a t1 weighted image,no,train,2,CLOSED
synpic46477,modality,is this a t2 weighted image,no,train,2,CLOSED
synpic55646,modality,is this a t1 weighted image,no,train,2,CLOSED
synpic18670,abnormality,are there abnormalities in this ultrasound,no,train,2,CLOSED
synpic32840,modality,is this a t2 weighted image,no,train,2,CLOSED
synpic55682,modality,was the ct scan taken with contrast,no,val,2,CLOSED
synpic23178,modality,is this an mri image,no,train,2,CLOSED
synpic31645,modality,is this a t2 weighted image,no,train,2,CLOSED
synpic43984,modality,is this a t1 weighted image,no,train,2,CLOSED
synpic16731,modality,is this a t2 weighted image,no,train,2,CLOSED
synpic57639,modality,is this a t2 weighted image,no,train,2,CLOSED
synpic41290,modality,is this a t2 weighted image,no,train,2,CLOSED
synpic41291,modality,is this a t2 weighted image,no,train,2,CLOSED
synpic25635,abnormality,is there an abnormality in the x-ray,no,train,2,CLOSED
synpic45661,modality,was gi contrast given to the patient,no,train,2,CLOSED
synpic44128,modality,was gi contrast given to the patient,no,train,2,CLOSED
synpic24344,modality,is this a t2 weighted image,no,train,2,CLOSED
synpic30876,modality,is this a noncontrast ct,no,train,2,CLOSED
synpic46713,modality,was the ct scan taken with contrast,no,train,2,CLOSED
synpic30967,modality,is this an mri image,no,train,2,CLOSED
synpic25168,modality,was the mri taken with contrast,no,train,2,CLOSED
synpic45923,modality,is this a noncontrast mri,no,train,2,CLOSED
synpic21598,modality,is this a t1 weighted image,no,train,2,CLOSED
synpic45861,modality,was gi contrast given to the patient,no,val,2,CLOSED
synpic27224,modality,was gi contrast given to the patient,no,train,2,CLOSED
synpic55507,modality,was the ct scan taken with contrast,no,train,2,CLOSED
synpic38551,modality,was the ct scan taken with contrast,no,val,2,CLOSED
synpic40877,modality,is this a t2 weighted image,no,train,2,CLOSED
synpic55796,modality,was the mri taken with contrast,no,train,2,CLOSED
synpic23776,modality,was the ct scan taken with contrast,no,train,2,CLOSED
synpic57356,modality,is this a t2 weighted image,no,train,2,CLOSED
synpic41800,modality,is this a t1 weighted image,no,train,2,CLOSED
synpic42062,modality,is this an mri image,no,train,2,CLOSED
synpic44453,modality,is this an mri image,no,train,2,CLOSED
synpic27238,modality,was the ct scan taken with contrast,no,train,2,CLOSED
synpic51871,modality,is this a noncontrast ct,no,train,2,CLOSED
synpic26702,modality,is this an mri image,no,test,2,CLOSED
synpic45122,abnormality,is the ct scan normal,no,test,2,CLOSED
synpic56036,modality,is this a t2 weighted image,no,val,2,CLOSED
synpic35695,modality,is this a t2 weighted image,no,train,2,CLOSED
synpic47973,modality,is this an mri image,no,train,2,CLOSED
synpic58867,modality,is this an mri image,no,train,2,CLOSED
synpic54897,abnormality,is there an abnormality in the mri,no,train,2,CLOSED
synpic48040,modality,was the ct scan taken with contrast,no,val,2,CLOSED
synpic58495,modality,is this a t2 weighted image,no,val,2,CLOSED
synpic47594,modality,is this a t1 weighted image,no,train,2,CLOSED
synpic13026,modality,was gi contrast given to the patient,no,train,2,CLOSED
synpic57259,modality,is this an mri image,no,train,2,CLOSED
synpic35701,abnormality,is there evidence of any abnormalities,no,train,2,CLOSED
synpic17812,modality,is this a noncontrast ct,no,train,2,CLOSED
synpic27303,modality,is this a ct scan,no,train,2,CLOSED
synpic37634,modality,is this a noncontrast mri,no,test,2,CLOSED
synpic47686,modality,was gi contrast given to the patient,no,train,2,CLOSED
synpic46659,modality,was gi contrast given to the patient,no,train,2,CLOSED
synpic52280,modality,was the ct scan taken with contrast,no,train,2,CLOSED
synpic49910,modality,is this a t2 weighted image,no,train,2,CLOSED
synpic11415,modality,is this a t2 weighted image,no,train,2,CLOSED
synpic49514,modality,is this a noncontrast mri,no,train,2,CLOSED
synpic33770,modality,was the ct scan taken with contrast,no,train,2,CLOSED
synpic51912,modality,is this a ct scan,no,train,2,CLOSED
synpic31716,modality,is this a noncontrast ct,no,train,2,CLOSED
synpic23289,modality,was gi contrast given to the patient,no,train,2,CLOSED
synpic44990,modality,is this a t1 weighted image,no,val,2,CLOSED
synpic45152,modality,is this a t2 weighted image,no,train,2,CLOSED
synpic16198,modality,was iv contrast given to the patient,no,train,2,CLOSED
synpic54990,modality,was the ct scan taken with contrast,no,train,2,CLOSED
synpic28097,modality,is this a t2 weighted image,no,train,2,CLOSED
synpic32301,modality,is this a t1 weighted image,no,train,2,CLOSED
synpic56487,modality,is this an mri image,no,train,2,CLOSED
synpic18668,abnormality,is there something wrong in the image,no,train,2,CLOSED
synpic53042,modality,is this a t2 weighted image,no,val,2,CLOSED
synpic51475,modality,is this an mri image,no,train,2,CLOSED
synpic27027,modality,is this an mri image,no,train,2,CLOSED
synpic40658,modality,is this a t2 weighted image,no,val,2,CLOSED
synpic42261,modality,is this a noncontrast ct,no,train,2,CLOSED
synpic25647,abnormality,is there an abnormality in the x-ray,no,val,2,CLOSED
synpic54131,modality,was the mri taken with contrast,no,train,2,CLOSED
synpic55711,modality,is this a t2 weighted image,no,train,2,CLOSED
synpic55798,modality,is this a ct scan,no,train,2,CLOSED
synpic55323,modality,is this a ct scan,no,train,2,CLOSED
synpic56199,modality,is this a t2 weighted image,no,train,2,CLOSED
synpic25418,modality,is this an mri image,no,train,2,CLOSED
synpic54898,abnormality,is there evidence of any abnormalities,no,train,2,CLOSED
synpic52497,modality,is this a t2 weighted image,no,test,2,CLOSED
synpic38885,modality,was gi contrast given to the patient,no,val,2,CLOSED
synpic32079,modality,is this a t1 weighted image,no,train,2,CLOSED
synpic56139,modality,is this a ct scan,no,train,2,CLOSED
synpic41686,modality,is this a noncontrast mri,no,train,2,CLOSED
synpic38293,modality,was the ct scan taken with contrast,no,train,2,CLOSED
synpic30468,modality,was the ct scan taken with contrast,no,train,2,CLOSED
synpic60656,modality,was the ct scan taken with contrast,no,train,2,CLOSED
synpic42061,modality,was the ct scan taken with contrast,no,train,2,CLOSED
synpic51322,modality,is this a noncontrast ct,no,train,2,CLOSED
synpic41485,modality,is this a t2 weighted image,no,train,2,CLOSED
synpic22726,modality,is this an mri image,no,train,2,CLOSED
synpic48887,modality,is this a t2 weighted image,no,train,2,CLOSED
synpic45705,modality,is this a t2 weighted image,no,train,2,CLOSED
synpic54809,modality,is this a t2 weighted image,no,train,2,CLOSED
synpic52440,modality,is this a t1 weighted image,no,train,2,CLOSED
synpic25660,abnormality,is there an abnormality in the x-ray,no,train,2,CLOSED
synpic49377,modality,is this an mri image,no,train,2,CLOSED
synpic30202,modality,was gi contrast given to the patient,no,train,2,CLOSED
synpic53237,modality,was the ct scan taken with contrast,no,train,2,CLOSED
synpic48571,modality,is this an mri image,no,train,2,CLOSED
synpic21431,modality,was the ct scan taken with contrast,no,train,2,CLOSED
synpic51715,abnormality,is the mri normal,no,train,2,CLOSED
synpic51569,modality,is this a ct scan,no,train,2,CLOSED
synpic56695,modality,is this a t1 weighted image,no,train,2,CLOSED
synpic55053,modality,is this a t2 weighted image,no,train,2,CLOSED
synpic17898,modality,is this a t1 weighted image,no,train,2,CLOSED
synpic33285,modality,was the ct scan taken with contrast,no,test,2,CLOSED
synpic14408,modality,was gi contrast given to the patient,no,train,2,CLOSED
synpic25631,abnormality,is there an abnormality in the x-ray,no,train,2,CLOSED
synpic31753,modality,is this a noncontrast ct,no,val,2,CLOSED
synpic37562,modality,was gi contrast given to the patient,no,train,2,CLOSED
synpic29818,modality,is this a t1 weighted image,no,train,2,CLOSED
synpic56758,modality,is this an mri image,no,train,2,CLOSED
synpic46524,modality,was the ct scan taken with contrast,no,train,2,CLOSED
synpic54994,modality,is this an mri image,no,val,2,CLOSED
synpic57799,modality,is this an mri image,no,train,2,CLOSED
synpic34812,modality,is this a ct scan,no,train,2,CLOSED
synpic40671,modality,was the ct scan taken with contrast,no,train,2,CLOSED
synpic32875,modality,is this a noncontrast ct,no,train,2,CLOSED
synpic55701,modality,is this a t2 weighted image,no,train,2,CLOSED
synpic16425,modality,was iv contrast given to the patient,no,train,2,CLOSED
synpic19753,modality,is this a t1 weighted image,no,train,2,CLOSED
synpic50101,modality,was gi contrast given to the patient,no,train,2,CLOSED
synpic11771,modality,is this an mri image,no,val,2,CLOSED
synpic1098,modality,is this a t2 weighted image,no,train,2,CLOSED
synpic57072,modality,is this a t1 weighted image,no,train,2,CLOSED
synpic57633,modality,is this a t2 weighted image,no,val,2,CLOSED
synpic51458,modality,is this a noncontrast ct,no,train,2,CLOSED
synpic18810,modality,is this a noncontrast ct,no,train,2,CLOSED
synpic20531,modality,is this a noncontrast ct,no,train,2,CLOSED
synpic58647,modality,is this an mri image,no,train,2,CLOSED
synpic59476,modality,is this a noncontrast mri,no,train,2,CLOSED
synpic54897,modality,is this a ct scan,no,train,2,CLOSED
synpic24628,modality,is this a t2 weighted image,no,train,2,CLOSED
synpic39654,modality,was the ct scan taken with contrast,no,train,2,CLOSED
synpic55149,modality,is this a t2 weighted image,no,train,2,CLOSED
synpic58527,modality,is this a noncontrast mri,no,train,2,CLOSED
synpic26809,modality,was the ct scan taken with contrast,no,val,2,CLOSED
synpic52090,modality,is this a t1 weighted image,no,train,2,CLOSED
synpic57460,modality,is this a noncontrast ct,no,train,2,CLOSED
synpic39243,modality,is this a ct scan,no,train,2,CLOSED
synpic47722,modality,is this a noncontrast ct,no,train,2,CLOSED
synpic40440,modality,was gi contrast given to the patient,no,test,2,CLOSED
synpic57312,modality,was the ct scan taken with contrast,no,val,2,CLOSED
synpic24706,modality,was gi contrast given to the patient,no,test,2,CLOSED
synpic41337,modality,is this a t1 weighted image,no,train,2,CLOSED
synpic37027,modality,was gi contrast given to the patient,no,train,2,CLOSED
synpic59019,modality,is this a ct scan,no,train,2,CLOSED
synpic39607,modality,is this a t2 weighted image,no,train,2,CLOSED
synpic40697,modality,is this a ct scan,no,test,2,CLOSED
synpic38267,modality,was the mri taken with contrast,no,test,2,CLOSED
synpic26892,modality,was gi contrast given to the patient,no,test,2,CLOSED
synpic26283,abnormality,is there evidence of any abnormalities,no,train,2,CLOSED
synpic17814,modality,is this a noncontrast ct,no,val,2,CLOSED
synpic57589,modality,is this a t2 weighted image,no,train,2,CLOSED
synpic48506,modality,is this a noncontrast ct,no,train,2,CLOSED
synpic41492,modality,is this a t2 weighted image,no,train,2,CLOSED
synpic54707,modality,is this a t2 weighted image,no,train,2,CLOSED
synpic28847,modality,is this an mri image,no,train,2,CLOSED
synpic49820,modality,is this a t2 weighted image,no,train,2,CLOSED
synpic28995,modality,is this a noncontrast ct,no,train,2,CLOSED
synpic17207,abnormality,does this image look normal,no,train,2,CLOSED
synpic21902,modality,was gi contrast given to the patient,no,train,2,CLOSED
synpic45606,modality,was gi contrast given to the patient,no,train,2,CLOSED
synpic26311,modality,is this an mri image,no,train,2,CLOSED
synpic35699,modality,is this a t2 weighted image,no,train,2,CLOSED
synpic22891,modality,was the ct scan taken with contrast,no,train,2,CLOSED
synpic21786,modality,was the ct scan taken with contrast,no,val,2,CLOSED
synpic43008,modality,is this a ct scan,no,train,2,CLOSED
synpic49262,modality,is this a t2 weighted image,no,test,2,CLOSED
synpic13027,modality,was gi contrast given to the patient,no,train,2,CLOSED
synpic35740,modality,is this a t2 weighted image,no,train,2,CLOSED
synpic28827,abnormality,is there something wrong in the image,no,train,2,CLOSED
synpic25103,modality,is this a t2 weighted image,no,train,2,CLOSED
synpic48730,modality,is this an mri image,no,val,2,CLOSED
synpic30978,modality,is this a t1 weighted image,no,train,2,CLOSED
synpic15995,modality,is this a noncontrast ct,no,train,2,CLOSED
synpic55706,modality,is this a t2 weighted image,no,test,2,CLOSED
synpic17310,modality,is this a t1 weighted image,no,train,2,CLOSED
synpic48444,modality,is this a t2 weighted image,no,train,2,CLOSED
synpic33978,modality,was gi contrast given to the patient,no,train,2,CLOSED
synpic15878,modality,was the mri taken with contrast,no,train,2,CLOSED
synpic56922,modality,is this a t2 weighted image,no,train,2,CLOSED
synpic17091,modality,is this an mri image,no,train,2,CLOSED
synpic57642,modality,is this an mri image,no,val,2,CLOSED
synpic15437,modality,is this a noncontrast ct,no,train,2,CLOSED
synpic38141,modality,is this an mri image,no,train,2,CLOSED
synpic26850,abnormality,is there an abnormality in the mri,no,val,2,CLOSED
synpic38894,modality,is this a noncontrast ct,no,val,2,CLOSED
synpic41970,modality,was the ct scan taken with contrast,no,train,2,CLOSED
synpic41613,modality,is this an mri image,no,val,2,CLOSED
synpic36689,modality,is this a noncontrast ct,no,train,2,CLOSED
synpic48977,modality,is this a noncontrast mri,no,train,2,CLOSED
synpic55239,modality,is this a t2 weighted image,no,train,2,CLOSED
synpic43679,modality,is this an mri image,no,train,2,CLOSED
synpic55040,modality,is this a ct scan,no,train,2,CLOSED
synpic56911,modality,is this a t1 weighted image,no,train,2,CLOSED
synpic18124,modality,is this a t1 weighted image,no,train,2,CLOSED
synpic29794,abnormality,is this a normal ct scan,no,test,2,CLOSED
synpic56520,modality,is this a t2 weighted image,no,train,2,CLOSED
synpic28624,modality,is this an mri image,no,train,2,CLOSED
synpic45147,modality,is this a t1 weighted image,no,train,2,CLOSED
synpic46419,modality,is this a ct scan,no,val,2,CLOSED
synpic27377,modality,was gi contrast given to the patient,no,train,2,CLOSED
synpic26555,modality,was gi contrast given to the patient,no,train,2,CLOSED
synpic42019,modality,is this an mri image,no,train,2,CLOSED
synpic35180,modality,was gi contrast given to the patient,no,val,2,CLOSED
synpic55097,modality,was the ct scan taken with contrast,no,train,2,CLOSED
synpic35687,modality,is this a t2 weighted image,no,train,2,CLOSED
synpic52143,modality,is this a noncontrast mri,no,train,2,CLOSED
synpic33504,modality,is this an mri image,no,train,2,CLOSED
synpic57383,modality,is this a ct scan,no,train,2,CLOSED
synpic19981,modality,was gi contrast given to the patient,no,train,2,CLOSED
synpic24599,modality,is this a t2 weighted image,no,train,2,CLOSED
synpic31928,modality,is this a t1 weighted image,no,train,2,CLOSED
synpic57293,modality,is this a t2 weighted image,no,train,2,CLOSED
synpic46366,modality,is this a noncontrast ct,no,train,2,CLOSED
synpic56854,modality,is this an mri image,no,train,2,CLOSED
synpic41191,modality,is this a t2 weighted image,no,train,2,CLOSED
synpic29032,modality,is this a noncontrast mri,no,train,2,CLOSED
synpic24857,modality,is this an mri image,no,val,2,CLOSED
synpic16704,modality,is this a noncontrast ct,no,train,2,CLOSED
synpic25796,abnormality,is there something wrong in the image,no,train,2,CLOSED
synpic55450,modality,was the ct scan taken with contrast,no,train,2,CLOSED
synpic26372,modality,was the ct scan taken with contrast,no,train,2,CLOSED
synpic40816,modality,is this a noncontrast mri,no,train,2,CLOSED
synpic16120,abnormality,is there an abnormality in the ct scan,no,train,2,CLOSED
synpic46650,modality,is this an mri image,no,train,2,CLOSED
synpic46520,modality,is this a noncontrast mri,no,train,2,CLOSED
synpic43623,modality,was gi contrast given to the patient,no,train,2,CLOSED
synpic55308,modality,was gi contrast given to the patient,no,val,2,CLOSED
synpic52495,modality,is this a t1 weighted image,no,train,2,CLOSED
synpic45303,modality,is this a t1 weighted image,no,train,2,CLOSED
synpic46878,modality,is this a t1 weighted image,no,train,2,CLOSED
synpic55078,modality,is this a t2 weighted image,no,train,2,CLOSED
synpic45995,modality,was gi contrast given to the patient,no,train,2,CLOSED
synpic56573,modality,is this a t2 weighted image,no,train,2,CLOSED
synpic18764,modality,is this a ct scan,no,train,2,CLOSED
synpic48575,modality,is this a t1 weighted image,no,train,2,CLOSED
synpic58993,modality,is this a t1 weighted image,no,val,2,CLOSED
synpic33826,modality,is this a ct scan,no,train,2,CLOSED
synpic34446,modality,is this a ct scan,no,val,2,CLOSED
synpic30275,modality,is this a ct scan,no,train,2,CLOSED
synpic55498,modality,was the ct scan taken with contrast,no,train,2,CLOSED
synpic44983,modality,was the ct scan taken with contrast,no,train,2,CLOSED
synpic17412,modality,is this a noncontrast ct,no,val,2,CLOSED
synpic34806,modality,was the mri taken with contrast,no,train,2,CLOSED
synpic59956,modality,is this a t1 weighted image,no,train,2,CLOSED
synpic53600,modality,is this a t2 weighted image,no,test,2,CLOSED
synpic59468,modality,is this a t1 weighted image,no,train,2,CLOSED
synpic20741,modality,is this a noncontrast ct,no,train,2,CLOSED
synpic34008,modality,was gi contrast given to the patient,no,val,2,CLOSED
synpic36125,modality,is this a t2 weighted image,no,train,2,CLOSED
synpic48035,abnormality,is there an abnormality in the ct scan,no,train,2,CLOSED
synpic60487,modality,is this a t1 weighted image,no,train,2,CLOSED
synpic40892,modality,is this a ct scan,no,train,2,CLOSED
synpic21352,modality,is this a t1 weighted image,no,train,2,CLOSED
synpic48796,modality,is this an mri image,no,val,2,CLOSED
synpic50667,modality,is this a t2 weighted image,no,train,2,CLOSED
synpic39180,modality,was iv contrast given to the patient,no,train,2,CLOSED
synpic47304,modality,was the ct scan taken with contrast,no,train,2,CLOSED
synpic18884,modality,is this a ct scan,no,train,2,CLOSED
synpic45111,modality,was gi contrast given to the patient,no,train,2,CLOSED
synpic35805,modality,is this a t1 weighted image,no,train,2,CLOSED
synpic40781,modality,was gi contrast given to the patient,no,train,2,CLOSED
synpic42118,modality,is this a t1 weighted image,no,train,2,CLOSED
synpic59241,modality,is this a t2 weighted image,no,val,2,CLOSED
synpic17266,modality,is this a t2 weighted image,no,train,2,CLOSED
synpic19307,modality,is this a t2 weighted image,no,train,2,CLOSED
synpic41703,modality,is this a ct scan,no,train,2,CLOSED
synpic57366,modality,was the mri taken with contrast,no,train,2,CLOSED
synpic49375,modality,is this an mri image,no,train,2,CLOSED
synpic18158,modality,was gi contrast given to the patient,no,train,2,CLOSED
synpic20471,modality,is this a ct scan,no,train,2,CLOSED
synpic16430,modality,is this a t1 weighted image,no,train,2,CLOSED
synpic39757,modality,is this an mri image,no,train,2,CLOSED
synpic45897,modality,is this a t2 weighted image,no,train,2,CLOSED
synpic45975,modality,is this a t2 weighted image,no,train,2,CLOSED
synpic45565,modality,was the ct scan taken with contrast,no,val,2,CLOSED
synpic34910,modality,is this a t2 weighted image,no,train,2,CLOSED
synpic33179,modality,was gi contrast given to the patient,no,train,2,CLOSED
synpic23644,modality,is this a t2 weighted image,no,train,2,CLOSED
synpic45041,modality,was gi contrast given to the patient,no,train,2,CLOSED
synpic27246,modality,was the ct scan taken with contrast,no,train,2,CLOSED
synpic26930,modality,is this a t1 weighted image,no,train,2,CLOSED
synpic45382,modality,is this a t1 weighted image,no,val,2,CLOSED
synpic25021,modality,is this a noncontrast ct,no,train,2,CLOSED
synpic41951,abnormality,is there something wrong in the image,no,train,2,CLOSED
synpic49546,modality,is this a noncontrast ct,no,train,2,CLOSED
synpic37624,modality,is this a t2 weighted image,no,train,2,CLOSED
synpic33221,modality,is this an mri image,no,train,2,CLOSED
synpic4288,abnormality,is there an abnormality in the ct scan,no,train,2,CLOSED
synpic49276,modality,is this a t1 weighted image,no,train,2,CLOSED
synpic31104,modality,was the ct scan taken with contrast,no,val,2,CLOSED
synpic35162,modality,was the mri taken with contrast,no,train,2,CLOSED
synpic51472,modality,was the ct scan taken with contrast,no,train,2,CLOSED
synpic21321,modality,is this a ct scan,no,train,2,CLOSED
synpic36210,modality,was gi contrast given to the patient,no,val,2,CLOSED
synpic26387,modality,is this a noncontrast ct,no,train,2,CLOSED
synpic19890,modality,is this an mri image,no,train,2,CLOSED
synpic45929,modality,was the ct scan taken with contrast,no,train,2,CLOSED
synpic43817,modality,is this a t1 weighted image,no,val,2,CLOSED
synpic25652,abnormality,is there an abnormality in the x-ray,no,train,2,CLOSED
synpic16984,modality,is this an mri image,no,train,2,CLOSED
synpic60629,modality,is this a ct scan,no,train,2,CLOSED
synpic45577,modality,is this an mri image,no,val,2,CLOSED
synpic36113,modality,is this a t2 weighted image,no,train,2,CLOSED
synpic16429,modality,is this a t2 weighted image,no,train,2,CLOSED
synpic25493,modality,is this a noncontrast ct,no,train,2,CLOSED
synpic18156,modality,is this a ct scan,no,train,2,CLOSED
synpic56673,modality,is this a ct scan,no,train,2,CLOSED
synpic13277,modality,is this a ct scan,no,train,2,CLOSED
synpic48035,modality,was the ct scan taken with contrast,no,train,2,CLOSED
synpic26850,modality,is this a ct scan,no,val,2,CLOSED
synpic54588,modality,is this a t2 weighted image,no,train,2,CLOSED
synpic40393,modality,was the mri taken with contrast,no,train,2,CLOSED
synpic37430,modality,is this a t2 weighted image,no,train,2,CLOSED
synpic52918,modality,is this a t2 weighted image,no,val,2,CLOSED
synpic59843,modality,is this an mri image,no,train,2,CLOSED
synpic59546,modality,is this a noncontrast ct,no,train,2,CLOSED
synpic59407,modality,is this a t1 weighted image,no,val,2,CLOSED
synpic57969,abnormality,does this image look normal,no,train,2,CLOSED
synpic45921,modality,is this an mri image,no,train,2,CLOSED
synpic55114,modality,is this a t2 weighted image,no,train,2,CLOSED
synpic43239,modality,was the mri taken with contrast,no,train,2,CLOSED
synpic35181,abnormality,is this a normal mri,no,train,2,CLOSED
synpic53066,modality,was the mri taken with contrast,no,train,2,CLOSED
synpic25749,abnormality,are there abnormalities in this x-ray,no,train,2,CLOSED
synpic56034,modality,is this a noncontrast mri,no,train,2,CLOSED
synpic14610,modality,was the ct scan taken with contrast,no,train,2,CLOSED
synpic17228,modality,is this a t2 weighted image,no,val,2,CLOSED
synpic53152,modality,is this a t2 weighted image,no,val,2,CLOSED
synpic55026,modality,is this a t1 weighted image,no,val,2,CLOSED
synpic45427,modality,was the ct scan taken with contrast,no,train,2,CLOSED
synpic17620,modality,was gi contrast given to the patient,no,val,2,CLOSED
synpic35685,modality,is this a t2 weighted image,no,train,2,CLOSED
synpic35671,abnormality,is there something wrong in the image,no,train,2,CLOSED
synpic25793,abnormality,are there abnormalities in this mammograph,no,train,2,CLOSED
synpic53529,modality,is this a t2 weighted image,no,train,2,CLOSED
synpic25432,modality,was the ct scan taken with contrast,no,train,2,CLOSED
synpic53789,modality,is this a noncontrast mri,no,val,2,CLOSED
synpic44357,modality,is this a t2 weighted image,no,train,2,CLOSED
synpic30977,modality,was gi contrast given to the patient,no,train,2,CLOSED
synpic28724,modality,was gi contrast given to the patient,no,train,2,CLOSED
synpic55840,modality,is this a t1 weighted image,no,train,2,CLOSED
synpic53727,modality,is this a noncontrast ct,no,val,2,CLOSED
synpic21727,modality,was the ct scan taken with contrast,no,train,2,CLOSED
synpic29256,modality,was gi contrast given to the patient,no,train,2,CLOSED
synpic49386,modality,was the mri taken with contrast,no,train,2,CLOSED
synpic57064,modality,is this a t2 weighted image,no,train,2,CLOSED
synpic37195,modality,is this a noncontrast ct,no,val,2,CLOSED
synpic18995,modality,is this a t2 weighted image,no,train,2,CLOSED
synpic16119,modality,is this a t2 weighted image,no,val,2,CLOSED
synpic26605,modality,is this a t2 weighted image,no,train,2,CLOSED
synpic29226,modality,is this a t1 weighted image,no,train,2,CLOSED
synpic54894,abnormality,is there evidence of any abnormalities,no,train,2,CLOSED
synpic56201,modality,is this a t2 weighted image,no,train,2,CLOSED
synpic28983,modality,was the ct scan taken with contrast,no,train,2,CLOSED
synpic22194,modality,is this an mri image,no,train,2,CLOSED
synpic60337,modality,was gi contrast given to the patient,no,train,2,CLOSED
synpic39885,modality,is this a noncontrast ct,no,train,2,CLOSED
synpic23359,modality,was the ct scan taken with contrast,no,train,2,CLOSED
synpic19163,modality,is this a t2 weighted image,no,train,2,CLOSED
synpic47620,modality,is this a t2 weighted image,no,train,2,CLOSED
synpic36071,modality,is this a t1 weighted image,no,train,2,CLOSED
synpic59844,modality,was the ct scan taken with contrast,no,train,2,CLOSED
synpic48039,modality,is this an mri image,no,train,2,CLOSED
synpic53519,modality,was the mri taken with contrast,no,train,2,CLOSED
synpic60839,modality,is this a t1 weighted image,no,train,2,CLOSED
synpic26311,abnormality,does this image look normal,no,train,2,CLOSED
synpic55589,modality,is this a noncontrast mri,no,train,2,CLOSED
synpic33489,modality,is this a noncontrast ct,no,val,2,CLOSED
synpic61243,modality,is this a ct scan,no,train,2,CLOSED
synpic36075,modality,is this a ct scan,no,test,2,CLOSED
synpic54214,modality,is this an mri image,no,val,2,CLOSED
synpic50789,modality,is this a t1 weighted image,no,train,2,CLOSED
synpic57263,modality,was the ct scan taken with contrast,no,train,2,CLOSED
synpic55100,modality,was the ct scan taken with contrast,no,test,2,CLOSED
synpic46859,modality,is this a ct scan,no,train,2,CLOSED
synpic37433,modality,is this a t1 weighted image,no,val,2,CLOSED
synpic31411,modality,was the ct scan taken with contrast,no,train,2,CLOSED
synpic53911,modality,is this a ct scan,no,train,2,CLOSED
synpic58453,abnormality,is there evidence of any abnormalities,no,train,2,CLOSED
synpic25642,abnormality,is there an abnormality in the x-ray,no,train,2,CLOSED
synpic16361,modality,is this a t2 weighted image,no,val,2,CLOSED
synpic21981,modality,is this a ct scan,no,train,2,CLOSED
synpic55906,modality,is this a t2 weighted image,no,train,2,CLOSED
synpic30326,modality,was gi contrast given to the patient,no,train,2,CLOSED
synpic47855,modality,was the mri taken with contrast,no,val,2,CLOSED
synpic51056,modality,was the ct scan taken with contrast,no,train,2,CLOSED
synpic51770,modality,was gi contrast given to the patient,no,test,2,CLOSED
synpic31184,modality,was gi contrast given to the patient,no,val,2,CLOSED
synpic40924,modality,is this a t1 weighted image,no,train,2,CLOSED
synpic47206,modality,is this an mri image,no,train,2,CLOSED
synpic56419,modality,is this a noncontrast mri,no,train,2,CLOSED
synpic54654,modality,is this a ct scan,no,train,2,CLOSED
synpic13488,modality,was the mri taken with contrast,no,train,2,CLOSED
synpic51194,modality,is this a ct scan,no,train,2,CLOSED
synpic26478,modality,is this a noncontrast ct,no,train,2,CLOSED
synpic38876,modality,is this a t1 weighted image,no,val,2,CLOSED
synpic22952,modality,is this a noncontrast ct,no,val,2,CLOSED
synpic49265,modality,is this a t2 weighted image,no,train,2,CLOSED
synpic41616,modality,is this an mri image,no,train,2,CLOSED
synpic37732,modality,was the ct scan taken with contrast,no,train,2,CLOSED
synpic58194,modality,is this an mri image,no,train,2,CLOSED
synpic59017,modality,is this a ct scan,no,train,2,CLOSED
synpic17392,modality,is this a noncontrast ct,no,train,2,CLOSED
synpic30823,modality,was the ct scan taken with contrast,no,train,2,CLOSED
synpic38730,modality,is this a noncontrast ct,no,train,2,CLOSED
synpic33574,modality,was gi contrast given to the patient,no,train,2,CLOSED
synpic53683,modality,is this a noncontrast mri,no,train,2,CLOSED
synpic39634,modality,is this a t1 weighted image,no,train,2,CLOSED
synpic16352,modality,was gi contrast given to the patient,no,val,2,CLOSED
synpic39658,modality,was the ct scan taken with contrast,no,train,2,CLOSED
synpic31166,modality,is this a noncontrast mri,no,train,2,CLOSED
synpic55020,modality,is this a t2 weighted image,no,train,2,CLOSED
synpic39703,modality,is this a t2 weighted image,no,train,2,CLOSED
synpic34214,modality,is this a t1 weighted image,no,train,2,CLOSED
synpic55723,modality,was the mri taken with contrast,no,train,2,CLOSED
synpic34841,modality,is this a ct scan,no,val,2,CLOSED
synpic52115,modality,was the mri taken with contrast,no,train,2,CLOSED
synpic16199,modality,is this a noncontrast ct,no,train,2,CLOSED
synpic33990,modality,is this a t1 weighted image,no,train,2,CLOSED
synpic13430,modality,is this an mri image,no,train,2,CLOSED
synpic24310,modality,is this a noncontrast ct,no,test,2,CLOSED
synpic49503,modality,was the ct scan taken with contrast,no,val,2,CLOSED
synpic30922,modality,is this a t1 weighted image,no,train,2,CLOSED
synpic34878,modality,is this a noncontrast ct,no,train,2,CLOSED
synpic39165,modality,is this a t1 weighted image,no,train,2,CLOSED
synpic48040,abnormality,is there an abnormality in the ct scan,no,val,2,CLOSED
synpic54255,modality,is this a t2 weighted image,no,train,2,CLOSED
synpic55155,modality,was the mri taken with contrast,no,train,2,CLOSED
synpic51255,modality,is this a t2 weighted image,no,train,2,CLOSED
synpic42307,modality,is this a t1 weighted image,no,train,2,CLOSED
synpic53182,modality,was the ct scan taken with contrast,no,train,2,CLOSED
synpic18546,modality,is this an mri image,no,train,2,CLOSED
synpic52243,modality,is this an mri image,no,train,2,CLOSED
synpic36702,modality,is this an mri image,no,train,2,CLOSED
synpic50565,modality,was gi contrast given to the patient,no,val,2,CLOSED
synpic47726,modality,is this a noncontrast ct,no,train,2,CLOSED
synpic54698,modality,was the ct scan taken with contrast,no,train,2,CLOSED
synpic55041,modality,is this a noncontrast mri,no,train,2,CLOSED
synpic31285,modality,is this an mri image,no,test,2,CLOSED
synpic51621,modality,is this a t2 weighted image,no,train,2,CLOSED
synpic47867,modality,is this an mri image,no,train,2,CLOSED
synpic35603,modality,was the mri taken with contrast,no,train,2,CLOSED
synpic13143,modality,is this a t2 weighted image,no,val,2,CLOSED
synpic41873,modality,is this a t1 weighted image,no,train,2,CLOSED
synpic27462,modality,is this a t1 weighted image,no,train,2,CLOSED
synpic20391,modality,was gi contrast given to the patient,no,train,2,CLOSED
synpic56157,modality,was gi contrast given to the patient,no,train,2,CLOSED
synpic61227,modality,was gi contrast given to the patient,no,train,2,CLOSED
synpic35909,modality,was gi contrast given to the patient,no,train,2,CLOSED
synpic12143,modality,is this a t1 weighted image,no,train,2,CLOSED
synpic57262,modality,is this an mri image,no,train,2,CLOSED
synpic40375,modality,is this a t2 weighted image,no,train,2,CLOSED
synpic49242,modality,is this a t2 weighted image,no,val,2,CLOSED
synpic19790,modality,is this a t2 weighted image,no,train,2,CLOSED
synpic36776,modality,is this a t2 weighted image,no,train,2,CLOSED
synpic53877,modality,is this a t1 weighted image,no,val,2,CLOSED
synpic52468,modality,is this a noncontrast mri,no,val,2,CLOSED
synpic41104,modality,is this a ct scan,no,train,2,CLOSED
synpic16565,modality,is this a noncontrast ct,no,train,2,CLOSED
synpic44436,modality,was the ct scan taken with contrast,no,train,2,CLOSED
synpic57586,modality,is this an mri image,no,train,2,CLOSED
synpic58095,modality,is this an mri image,no,val,2,CLOSED
synpic35947,plane,what is the plane of this mri,sagittal,val,3,OPEN
synpic40493,plane,in what plane is this mri,sagittal,train,3,OPEN
synpic53738,plane,in what plane is this image taken,sagittal,val,3,OPEN
synpic57356,plane,what is the plane,sagittal,train,3,OPEN
synpic39942,plane,in which plane is the mri displayed,sagittal,train,3,OPEN
synpic24024,plane,what plane is the image acquired in,sagittal,val,3,OPEN
synpic24019,plane,which plane is the image shown in,sagittal,train,3,OPEN
synpic30978,plane,in what plane is this image taken,sagittal,train,3,OPEN
synpic56821,plane,which plane is the image taken,sagittal,train,3,OPEN
synpic34061,plane,which plane is the image shown in,sagittal,val,3,OPEN
synpic49985,plane,what plane is this ct scan in,sagittal,val,3,OPEN
synpic34504,plane,in what plane is this mri taken,sagittal,train,3,OPEN
synpic29038,plane,what is the plane of this mri,sagittal,train,3,OPEN
synpic37624,plane,in what plane is this mri,sagittal,train,3,OPEN
synpic32274,plane,in what plane is this image taken,sagittal,train,3,OPEN
synpic52925,plane,what is the plane of the image,sagittal,train,3,OPEN
synpic56865,plane,in which plane is the mri displayed,sagittal,train,3,OPEN
synpic18359,plane,which plane is the image shown in,sagittal,val,3,OPEN
synpic53591,plane,what image plane is this,sagittal,train,3,OPEN
synpic44925,plane,what image plane is this,sagittal,train,3,OPEN
synpic24344,plane,which plane is the image taken,sagittal,train,3,OPEN
synpic34669,plane,which plane is this mri taken in,sagittal,train,3,OPEN
synpic54895,plane,what imaging plane is depicted here,sagittal,train,3,OPEN
synpic46554,plane,which plane is this image taken,sagittal,train,3,OPEN
synpic35687,plane,which plane is this image in,sagittal,train,3,OPEN
synpic16091,plane,which plane is this image taken,sagittal,train,3,OPEN
synpic27294,plane,which plane is this image in,sagittal,test,3,OPEN
synpic26944,plane,what is the plane of this ultrasound,sagittal,train,3,OPEN
synpic47751,plane,in what plane is this image oriented,sagittal,val,3,OPEN
synpic47573,plane,in what plane is this image taken,sagittal,val,3,OPEN
synpic49068,plane,which plane is the image shown in,sagittal,train,3,OPEN
synpic57239,plane,which plane is the image shown in,sagittal,val,3,OPEN
synpic31311,plane,in what plane is this mri captured,sagittal,train,3,OPEN
synpic46315,plane,what is the plane of this mri,sagittal,train,3,OPEN
synpic58556,plane,in what plane was this image taken,sagittal,train,3,OPEN
synpic37877,plane,in what plane was this image taken,sagittal,train,3,OPEN
synpic31410,plane,which plane is this mri taken in,sagittal,train,3,OPEN
synpic45484,plane,what is the plane,sagittal,train,3,OPEN
synpic59806,plane,what plane was used in this mri,sagittal,train,3,OPEN
synpic41191,plane,what plane was used in this mri,sagittal,train,3,OPEN
synpic50674,plane,in what plane is this mri captured,sagittal,val,3,OPEN
synpic45446,plane,in what plane is this image taken,sagittal,train,3,OPEN
synpic18414,plane,which plane is this mri taken in,sagittal,train,3,OPEN
synpic52918,plane,what plane was used,sagittal,val,3,OPEN
synpic41563,plane,in what plane is this image taken,sagittal,train,3,OPEN
synpic26841,plane,what plane was used in this mri,sagittal,train,3,OPEN
synpic45022,plane,which plane is the image shown in,sagittal,train,3,OPEN
synpic26246,plane,in what plane is this mri,sagittal,val,3,OPEN
synpic42107,plane,in which plane is the mri displayed,sagittal,train,3,OPEN
synpic55041,plane,in what plane is this mri,sagittal,train,3,OPEN
synpic52800,plane,what is the plane of this ultrasound,sagittal,train,3,OPEN
synpic22651,plane,which plane is the image taken,sagittal,train,3,OPEN
synpic36974,plane,in what plane is this mri captured,sagittal,train,3,OPEN
synpic39725,plane,what plane is this mri in,sagittal,train,3,OPEN
synpic50562,plane,what plane is the image acquired in,sagittal,train,3,OPEN
synpic59696,plane,what plane is this,sagittal,train,3,OPEN
synpic38373,plane,what is the plane of the image,sagittal,train,3,OPEN
synpic52122,plane,which plane is this image taken,sagittal,train,3,OPEN
synpic35880,plane,what plane is seen,sagittal,val,3,OPEN
synpic33915,plane,which plane is this mri taken in,sagittal,train,3,OPEN
synpic59043,plane,in what plane is this image oriented,sagittal,train,3,OPEN
synpic26131,plane,what plane is this ultrasound in,sagittal,train,3,OPEN
synpic56814,plane,in which plane is the mri displayed,sagittal,val,3,OPEN
synpic59661,plane,what image plane is this,sagittal,train,3,OPEN
synpic48672,plane,what is the plane of the image,sagittal,train,3,OPEN
synpic48459,plane,what plane is the image acquired in,sagittal,val,3,OPEN
synpic40836,plane,in what plane is this mri captured,sagittal,train,3,OPEN
synpic27971,plane,what plane is this,sagittal,train,3,OPEN
synpic58544,plane,what plane is seen,sagittal,val,3,OPEN
synpic51072,plane,what image plane is this,sagittal,val,3,OPEN
synpic44926,plane,which plane is the image shown in,sagittal,val,3,OPEN
synpic59568,plane,what imaging plane is depicted here,sagittal,val,3,OPEN
synpic45960,plane,which plane is the image taken,sagittal,train,3,OPEN
synpic56675,plane,what is the plane of this mri,sagittal,train,3,OPEN
synpic53328,plane,what plane is seen,sagittal,train,3,OPEN
synpic19524,plane,what plane is seen,sagittal,train,3,OPEN
synpic24132,plane,which plane is the image taken,sagittal,train,3,OPEN
synpic40559,plane,what is the plane,sagittal,val,3,OPEN
synpic42080,plane,in what plane is this mri,sagittal,train,3,OPEN
synpic52166,plane,in what plane is this ct scan taken,sagittal,val,3,OPEN
synpic21355,plane,in what plane is this mri,sagittal,train,3,OPEN
synpic22726,plane,what image plane is this,sagittal,train,3,OPEN
synpic49116,plane,in what plane is this image oriented,sagittal,val,3,OPEN
synpic28219,plane,what is the plane of this ultrasound,sagittal,train,3,OPEN
synpic371,plane,what plane is demonstrated,sagittal,train,3,OPEN
synpic49990,plane,what plane is the image acquired in,sagittal,train,3,OPEN
synpic31090,plane,what is the plane of the image,sagittal,train,3,OPEN
synpic55322,plane,in what plane is this image taken,sagittal,train,3,OPEN
synpic55844,plane,what is the plane of the mri,sagittal,train,3,OPEN
synpic41794,plane,in what plane is this image oriented,sagittal,train,3,OPEN
synpic17898,plane,what plane is this,sagittal,train,3,OPEN
synpic32753,plane,which plane is the image shown in,sagittal,train,3,OPEN
synpic16292,plane,what plane is the image acquired in,sagittal,val,3,OPEN
synpic55722,plane,what is the plane of this mri,sagittal,train,3,OPEN
synpic34406,plane,which plane is this image taken,sagittal,test,3,OPEN
synpic50025,plane,what plane is the image acquired in,sagittal,train,3,OPEN
synpic56922,plane,what is the plane of the image,sagittal,train,3,OPEN
synpic34653,plane,what is the plane of the mri,sagittal,train,3,OPEN
synpic26845,plane,what plane is the image acquired in,sagittal,train,3,OPEN
synpic27724,plane,what plane was used,sagittal,train,3,OPEN
synpic60066,plane,what is the plane,sagittal,train,3,OPEN
synpic54208,plane,in which plane is the ultrasound displayed,sagittal,train,3,OPEN
synpic32179,plane,which plane is this image in,sagittal,train,3,OPEN
synpic21793,plane,in what plane is this image taken,sagittal,train,3,OPEN
synpic50837,plane,what imaging plane is depicted here,sagittal,train,3,OPEN
synpic53065,plane,in what plane is this mri,sagittal,test,3,OPEN
synpic48869,plane,what plane is seen,sagittal,train,3,OPEN
synpic57242,plane,in what plane was this image taken,sagittal,train,3,OPEN
synpic41290,plane,in what plane is this mri captured,sagittal,train,3,OPEN
synpic26210,plane,what is the plane of the ultrasound,sagittal,train,3,OPEN
synpic52906,plane,what plane is the image acquired in,sagittal,train,3,OPEN
synpic56736,plane,what plane is this mri in,sagittal,test,3,OPEN
synpic53520,plane,what image plane is this,sagittal,train,3,OPEN
synpic18115,plane,what plane is seen,sagittal,val,3,OPEN
synpic100398,plane,what plane is the image acquired in,sagittal,train,3,OPEN
synpic36702,plane,which plane is this image in,sagittal,train,3,OPEN
synpic55894,plane,which plane is the image shown in,sagittal,train,3,OPEN
synpic20893,plane,what image plane is this,sagittal,train,3,OPEN
synpic27046,plane,which plane is this image in,sagittal,val,3,OPEN
synpic53585,plane,in what plane is this image oriented,sagittal,train,3,OPEN
synpic49773,plane,which plane is the image shown in,sagittal,train,3,OPEN
synpic19751,plane,what is the plane of the mri,sagittal,train,3,OPEN
synpic42021,plane,in what plane is this mri taken,sagittal,train,3,OPEN
synpic53311,plane,what plane was used in this mri,sagittal,train,3,OPEN
synpic53066,plane,in what plane is this image oriented,sagittal,train,3,OPEN
synpic57589,plane,what image plane is this,sagittal,train,3,OPEN
synpic57733,plane,in what plane is this mri,sagittal,train,3,OPEN
synpic48966,plane,what is the plane of the image,sagittal,train,3,OPEN
synpic59574,plane,which plane is the image taken,sagittal,train,3,OPEN
synpic48046,plane,which plane is the image shown in,sagittal,train,3,OPEN
synpic40479,plane,which plane is the image taken,sagittal,train,3,OPEN
synpic36540,plane,which plane is this mri taken in,sagittal,val,3,OPEN
synpic33652,plane,which plane is the image taken,sagittal,train,3,OPEN
synpic46847,plane,in what plane is this mri taken,sagittal,val,3,OPEN
synpic27967,plane,which plane is this ct scan taken in,sagittal,train,3,OPEN
synpic40658,plane,in what plane is this image taken,sagittal,val,3,OPEN
synpic45975,plane,what plane is demonstrated,sagittal,train,3,OPEN
synpic60260,plane,what plane is seen,sagittal,train,3,OPEN
synpic50775,plane,what plane was used in this mri,sagittal,val,3,OPEN
synpic51621,plane,what plane is seen,sagittal,train,3,OPEN
synpic47630,plane,what is the plane of this mri,sagittal,train,3,OPEN
synpic43423,plane,what plane is this,sagittal,val,3,OPEN
synpic53740,plane,in what plane was this image taken,sagittal,train,3,OPEN
synpic49242,plane,what plane was used in this mri,sagittal,val,3,OPEN
synpic28357,plane,in what plane is this mri,sagittal,train,3,OPEN
synpic46307,plane,which plane is this mri taken in,sagittal,train,3,OPEN
synpic41201,plane,what plane is demonstrated,sagittal,train,3,OPEN
synpic44049,plane,in what plane is this image taken,sagittal,train,3,OPEN
synpic28097,plane,what plane was used in this mri,sagittal,train,3,OPEN
synpic50044,plane,what is the plane of this mri,sagittal,train,3,OPEN
synpic34632,plane,what plane was used in this ct scan,sagittal,val,3,OPEN
synpic37874,plane,what is the plane of this mri,sagittal,train,3,OPEN
synpic36677,plane,what plane is this film,sagittal,train,3,OPEN
synpic57190,plane,what plane is this film,sagittal,train,3,OPEN
synpic54892,plane,in which plane is the mri displayed,sagittal,train,3,OPEN
synpic59602,plane,what plane was used in this mri,sagittal,train,3,OPEN
synpic48418,plane,in what plane is this mri,sagittal,train,3,OPEN
synpic33781,plane,in which plane is the mri displayed,sagittal,train,3,OPEN
synpic51395,plane,what is the plane of the mri,sagittal,val,3,OPEN
synpic41104,plane,what is the plane,sagittal,train,3,OPEN
synpic45809,plane,what is the plane of the mri,sagittal,train,3,OPEN
synpic19753,plane,which plane is this image in,sagittal,train,3,OPEN
synpic49108,plane,which plane is this image in,sagittal,train,3,OPEN
synpic38190,plane,in what plane is this image taken,sagittal,train,3,OPEN
synpic51912,plane,which plane is this image taken,sagittal,train,3,OPEN
synpic31978,plane,which plane is the image taken,sagittal,train,3,OPEN
synpic60668,plane,which plane is the image shown in,sagittal,train,3,OPEN
synpic16032,plane,which plane is the image taken,sagittal,train,3,OPEN
synpic31140,plane,in what plane is this image taken,sagittal,train,3,OPEN
synpic19165,plane,what is the plane of the mri,sagittal,train,3,OPEN
synpic16189,plane,in what plane is this image oriented,sagittal,train,3,OPEN
synpic48365,plane,which plane is the image taken,sagittal,train,3,OPEN
synpic56128,plane,what plane is the image acquired in,sagittal,train,3,OPEN
synpic61243,plane,what is the plane of this mri,sagittal,train,3,OPEN
synpic40113,plane,which plane is this image taken,sagittal,train,3,OPEN
synpic56627,plane,which plane is this image in,sagittal,train,3,OPEN
synpic53742,plane,what imaging plane is depicted here,sagittal,train,3,OPEN
synpic56442,plane,what plane is demonstrated,sagittal,test,3,OPEN
synpic36058,plane,what is the plane,sagittal,train,3,OPEN
synpic45923,plane,what plane is the image acquired in,sagittal,train,3,OPEN
synpic34587,plane,in what plane was this image taken,sagittal,train,3,OPEN
synpic16167,plane,in what plane is this mri taken,sagittal,train,3,OPEN
synpic31974,plane,in what plane is this mri,sagittal,train,3,OPEN
synpic49060,plane,what plane was used in this mri,sagittal,train,3,OPEN
synpic56739,plane,what is the plane of the image,sagittal,train,3,OPEN
synpic45955,plane,in what plane was this image taken,sagittal,train,3,OPEN
synpic40530,plane,which plane is this ultrasound taken in,sagittal,train,3,OPEN
synpic47203,plane,in what plane is this image taken,sagittal,train,3,OPEN
synpic51194,plane,what image plane is this,sagittal,train,3,OPEN
synpic24025,plane,which plane is this image in,sagittal,train,3,OPEN
synpic24026,plane,what plane was used in this ultrasound,sagittal,train,3,OPEN
synpic18556,plane,what plane is seen,sagittal,train,3,OPEN
synpic49495,plane,what imaging plane is depicted here,sagittal,train,3,OPEN
synpic57435,plane,in what plane is this mri captured,sagittal,train,3,OPEN
synpic54894,plane,in what plane is this image taken,sagittal,train,3,OPEN
synpic59546,plane,what imaging plane is depicted here,sagittal,train,3,OPEN
synpic46543,plane,what is the plane of this ultrasound,sagittal,train,3,OPEN
synpic53745,plane,in what plane was this image taken,sagittal,train,3,OPEN
synpic49172,plane,what plane is this,sagittal,val,3,OPEN
synpic24249,plane,what plane is this film,sagittal,train,3,OPEN
synpic25275,plane,which plane is this image taken,sagittal,train,3,OPEN
synpic41680,plane,which plane is this image taken,sagittal,train,3,OPEN
synpic41885,plane,what plane is demonstrated,sagittal,train,3,OPEN
synpic38698,plane,in what plane is this image oriented,sagittal,train,3,OPEN
synpic21483,plane,which plane is this image taken,sagittal,train,3,OPEN
synpic46709,plane,what is the plane,sagittal,train,3,OPEN
synpic50629,plane,what is the plane of the ct scan,sagittal,train,3,OPEN
synpic18764,plane,which plane is the image taken,sagittal,train,3,OPEN
synpic53447,plane,what is the plane of the image,sagittal,train,3,OPEN
synpic53870,plane,what plane is demonstrated,sagittal,train,3,OPEN
synpic45998,plane,what plane is this ct scan in,sagittal,train,3,OPEN
synpic45359,plane,what plane is this,sagittal,train,3,OPEN
synpic43780,plane,what plane was used,sagittal,train,3,OPEN
synpic23672,plane,what image plane is this,sagittal,train,3,OPEN
synpic49988,plane,what is the plane of the ct scan,sagittal,train,3,OPEN
synpic41703,plane,what imaging plane is depicted here,sagittal,train,3,OPEN
synpic52438,plane,what is the plane of the mri,sagittal,train,3,OPEN
synpic32749,plane,what is the plane of the ct scan,sagittal,val,3,OPEN
synpic51913,plane,what plane is demonstrated,sagittal,train,3,OPEN
synpic49054,plane,in what plane is this image taken,sagittal,train,3,OPEN
synpic27815,plane,what plane is this film,sagittal,train,3,OPEN
synpic44357,plane,in what plane is this image taken,sagittal,train,3,OPEN
synpic61066,plane,what is the plane of the mri,sagittal,train,3,OPEN
synpic18311,plane,in what plane is this image oriented,sagittal,train,3,OPEN
synpic40782,plane,in what plane is this ct scan captured,sagittal,val,3,OPEN
synpic56511,plane,in what plane is this mri,sagittal,val,3,OPEN
synpic38293,plane,what plane is the image acquired in,sagittal,train,3,OPEN
synpic21559,plane,what is the plane of the image,sagittal,train,3,OPEN
synpic54034,plane,what is the plane of this mri,sagittal,train,3,OPEN
synpic52805,plane,what plane was used,sagittal,train,3,OPEN
synpic12255,plane,what plane is seen,sagittal,train,3,OPEN
synpic58300,plane,what is the plane of the image,sagittal,val,3,OPEN
synpic50586,plane,which plane is this image in,sagittal,train,3,OPEN
synpic41826,plane,what plane was used,sagittal,train,3,OPEN
synpic26919,plane,what plane was used in this mri,sagittal,train,3,OPEN
synpic26846,plane,what imaging plane is depicted here,sagittal,train,3,OPEN
synpic34276,plane,what is the plane of this mri,sagittal,val,3,OPEN
synpic45488,plane,in what plane is this mri,sagittal,train,3,OPEN
synpic41793,plane,what plane is this,sagittal,val,3,OPEN
synpic51567,plane,what imaging plane is depicted here,sagittal,train,3,OPEN
synpic48406,plane,what plane was used in this mri,sagittal,train,3,OPEN
synpic59883,plane,in what plane is this ct scan,sagittal,train,3,OPEN
synpic27473,plane,what plane is this,sagittal,train,3,OPEN
synpic42106,plane,in what plane is this mri,sagittal,train,3,OPEN
synpic46389,plane,in what plane is this image oriented,sagittal,train,3,OPEN
synpic19078,plane,in which plane is the mri displayed,sagittal,train,3,OPEN
synpic42118,plane,what is the plane,sagittal,train,3,OPEN
synpic25128,plane,which plane is the image taken,sagittal,train,3,OPEN
synpic23773,plane,which plane is this image taken,sagittal,train,3,OPEN
synpic52887,plane,which plane is this image in,sagittal,train,3,OPEN
synpic57064,plane,in what plane is this image taken,sagittal,train,3,OPEN
synpic57767,plane,in what plane is this mri captured,sagittal,train,3,OPEN
synpic43817,plane,which plane is the image taken,sagittal,val,3,OPEN
synpic50846,plane,what plane was used in this mri,sagittal,train,3,OPEN
synpic48487,plane,what is the plane of this ultrasound,sagittal,train,3,OPEN
synpic49274,plane,what plane was used,sagittal,train,3,OPEN
synpic43035,plane,what is the plane of the mri,sagittal,train,3,OPEN
synpic45871,plane,what plane is the image acquired in,sagittal,train,3,OPEN
synpic49360,plane,which plane is the image taken,sagittal,train,3,OPEN
synpic37969,plane,which plane is this image in,sagittal,train,3,OPEN
synpic33475,plane,which plane is this image taken,sagittal,train,3,OPEN
synpic17194,plane,which plane is the image shown in,sagittal,test,3,OPEN
synpic56554,plane,what is the plane,sagittal,train,3,OPEN
synpic34806,plane,in what plane was this image taken,sagittal,train,3,OPEN
synpic16563,plane,in what plane is this image taken,sagittal,train,3,OPEN
synpic30762,plane,in what plane is this ultrasound captured,sagittal,train,3,OPEN
synpic18912,plane,which plane is this mri taken in,sagittal,train,3,OPEN
synpic52495,plane,what image plane is this,sagittal,train,3,OPEN
synpic53659,plane,in what plane is this image taken,sagittal,val,3,OPEN
synpic48521,plane,what plane was used in this mri,sagittal,train,3,OPEN
synpic20710,plane,what plane is this,sagittal,train,3,OPEN
synpic53835,plane,in what plane is this mri taken,sagittal,val,3,OPEN
synpic24374,plane,in which plane is the ct scan displayed,sagittal,train,3,OPEN
synpic39365,plane,what is the plane of this ultrasound,sagittal,train,3,OPEN
synpic19176,plane,which plane is this image taken,sagittal,train,3,OPEN
synpic55850,plane,in what plane is this image taken,sagittal,val,3,OPEN
synpic44726,plane,in what plane was this image taken,sagittal,train,3,OPEN
synpic39820,plane,in what plane is this image taken,sagittal,train,3,OPEN
synpic45189,plane,which plane is the image shown in,sagittal,train,3,OPEN
synpic47304,plane,in what plane is this ct scan taken,sagittal,train,3,OPEN
synpic45069,plane,what is the plane of the ct scan,sagittal,train,3,OPEN
synpic24629,plane,in what plane was this image taken,sagittal,train,3,OPEN
synpic32708,plane,what is the plane of this mri,sagittal,train,3,OPEN
synpic40625,plane,which plane is this image taken,sagittal,train,3,OPEN
synpic51154,plane,in what plane was this image taken,sagittal,train,3,OPEN
synpic26843,plane,what plane is demonstrated,sagittal,train,3,OPEN
synpic58737,plane,what is the plane of the mri,sagittal,train,3,OPEN
synpic47289,plane,which plane is this mri taken in,sagittal,train,3,OPEN
synpic58682,plane,which plane is the image taken,sagittal,val,3,OPEN
synpic46544,plane,in what plane is this ultrasound,sagittal,train,3,OPEN
synpic55508,plane,what is the plane of this ct scan,sagittal,val,3,OPEN
synpic53405,plane,in what plane was this image taken,sagittal,train,3,OPEN
synpic56552,plane,in what plane is this mri captured,sagittal,train,3,OPEN
synpic39417,plane,what plane is this,sagittal,train,3,OPEN
synpic37271,plane,what plane was used in this ultrasound,sagittal,train,3,OPEN
synpic59070,plane,what plane was used in this ct scan,sagittal,train,3,OPEN
synpic35803,plane,in what plane is this image oriented,sagittal,train,3,OPEN
synpic28331,plane,what plane is this,sagittal,val,3,OPEN
synpic32276,plane,what plane is the image acquired in,sagittal,train,3,OPEN
synpic41223,plane,what plane is this mri in,sagittal,train,3,OPEN
synpic39156,plane,which plane is this mri taken in,sagittal,train,3,OPEN
synpic23252,plane,which plane is this ultrasound taken in,sagittal,val,3,OPEN
synpic41825,plane,in which plane is the mri displayed,sagittal,val,3,OPEN
synpic48422,plane,in which plane is the mri displayed,sagittal,val,3,OPEN
synpic51667,plane,in what plane is this image taken,sagittal,test,3,OPEN
synpic57969,plane,which plane is the image taken,sagittal,train,3,OPEN
synpic56444,plane,which plane is this mri taken in,sagittal,train,3,OPEN
synpic53519,plane,which plane is the image taken,sagittal,train,3,OPEN
synpic30800,plane,in what plane is this image taken,sagittal,val,3,OPEN
synpic55315,plane,what image plane is this,sagittal,train,3,OPEN
synpic36983,plane,which plane is the image taken,sagittal,train,3,OPEN
synpic23644,plane,what is the plane,sagittal,train,3,OPEN
synpic18672,plane,in what plane is this image oriented,sagittal,train,3,OPEN
synpic41415,plane,in what plane is this image oriented,sagittal,train,3,OPEN
synpic33131,plane,which plane is the image taken,sagittal,train,3,OPEN
synpic38562,plane,what plane is this mri in,sagittal,train,3,OPEN
synpic46106,plane,in what plane is this image taken,sagittal,train,3,OPEN
synpic57633,plane,in what plane is this mri,sagittal,val,3,OPEN
synpic35701,plane,what is the plane of the image,sagittal,train,3,OPEN
synpic51293,plane,in what plane is this mri taken,sagittal,train,3,OPEN
synpic49440,plane,what is the plane,sagittal,train,3,OPEN
synpic21661,plane,what plane was used,sagittal,train,3,OPEN
synpic41697,plane,what is the plane of the mri,sagittal,train,3,OPEN
synpic35690,plane,what plane was used in this mri,sagittal,train,3,OPEN
synpic26350,plane,in what plane is this image taken,sagittal,train,3,OPEN
synpic23547,plane,what plane is this mri in,sagittal,train,3,OPEN
synpic59259,plane,which plane is the image shown in,sagittal,train,3,OPEN
synpic55118,plane,what imaging plane is depicted here,sagittal,train,3,OPEN
synpic31209,plane,which plane is this image taken,sagittal,train,3,OPEN
synpic18669,plane,in what plane is this ultrasound,sagittal,train,3,OPEN
synpic16217,plane,what plane is demonstrated,sagittal,train,3,OPEN
synpic58194,plane,what plane is the image acquired in,sagittal,train,3,OPEN
synpic48257,plane,in what plane is this mri,sagittal,train,3,OPEN
synpic29776,plane,what is the plane of the mri,sagittal,train,3,OPEN
synpic39255,plane,which plane is the image shown in,sagittal,train,3,OPEN
synpic54897,plane,what plane was used in this mri,sagittal,train,3,OPEN
synpic40937,plane,which plane is the image taken,sagittal,train,3,OPEN
synpic33213,plane,what plane is the image acquired in,sagittal,train,3,OPEN
synpic37294,plane,what plane was used,sagittal,train,3,OPEN
synpic50410,plane,what plane is seen,sagittal,val,3,OPEN
synpic56357,plane,in what plane is this mri taken,sagittal,train,3,OPEN
synpic34214,plane,what plane was used in this mri,sagittal,train,3,OPEN
synpic32655,plane,what plane is seen,sagittal,train,3,OPEN
synpic56608,plane,in which plane is the ct scan displayed,sagittal,val,3,OPEN
synpic40133,plane,what image plane is this,sagittal,train,3,OPEN
synpic54898,plane,what plane is demonstrated,sagittal,train,3,OPEN
synpic53683,plane,which plane is this image taken,sagittal,train,3,OPEN
synpic58014,plane,which plane is the image taken,sagittal,train,3,OPEN
synpic46316,plane,in what plane is this image taken,sagittal,train,3,OPEN
synpic46477,plane,in which plane is the mri displayed,sagittal,train,3,OPEN
synpic50966,plane,in what plane is this mri,sagittal,train,3,OPEN
synpic56691,plane,what is the plane,sagittal,train,3,OPEN
synpic33132,plane,which plane is this mri taken in,sagittal,train,3,OPEN
synpic35692,plane,in what plane is this mri,sagittal,train,3,OPEN
synpic53911,plane,which plane is this mri taken in,sagittal,train,3,OPEN
synpic49067,plane,what plane is seen,sagittal,train,3,OPEN
synpic15352,plane,what is the plane of the image,sagittal,train,3,OPEN
synpic50416,plane,which plane is this mri taken in,sagittal,train,3,OPEN
synpic35615,plane,in what plane is this image oriented,sagittal,train,3,OPEN
synpic28827,plane,what imaging plane is depicted here,sagittal,train,3,OPEN
synpic37858,plane,what is the plane,sagittal,train,3,OPEN
synpic18668,plane,in what plane is this ultrasound taken,sagittal,train,3,OPEN
synpic31158,plane,in what plane is this image taken,sagittal,train,3,OPEN
synpic12734,plane,what is the plane of the mri,sagittal,train,3,OPEN
synpic34059,plane,in what plane is this image oriented,sagittal,train,3,OPEN
synpic59210,plane,what plane is this mri in,sagittal,train,3,OPEN
synpic44035,plane,which plane is the image shown in,sagittal,train,3,OPEN
synpic13488,plane,what plane is this mri in,sagittal,train,3,OPEN
synpic21672,plane,what plane was used in this ultrasound,sagittal,val,3,OPEN
synpic46415,plane,what imaging plane is depicted here,sagittal,train,3,OPEN
synpic20466,plane,what is the plane of this mri,sagittal,test,3,OPEN
synpic45335,plane,what plane is demonstrated,sagittal,train,3,OPEN
synpic51755,plane,what is the plane,sagittal,train,3,OPEN
synpic46899,plane,which plane is this image taken,sagittal,train,3,OPEN
synpic57419,plane,in what plane is this image oriented,sagittal,train,3,OPEN
synpic27819,plane,what image plane is this,sagittal,train,3,OPEN
synpic22741,plane,in what plane is this image oriented,sagittal,val,3,OPEN
synpic40873,plane,in what plane is this image taken,sagittal,train,3,OPEN
synpic18155,plane,in what plane is this mri,sagittal,train,3,OPEN
synpic56441,plane,in what plane is this image taken,sagittal,train,3,OPEN
synpic27290,plane,which plane is this mri taken in,sagittal,test,3,OPEN
synpic35695,plane,in what plane is this image taken,sagittal,train,3,OPEN
synpic39634,plane,what is the plane of the mri,sagittal,train,3,OPEN
synpic27148,plane,what plane is this film,sagittal,train,3,OPEN
synpic37273,plane,in what plane is this image taken,sagittal,train,3,OPEN
synpic19716,plane,in what plane is this image oriented,sagittal,val,3,OPEN
synpic34823,plane,what plane is demonstrated,sagittal,train,3,OPEN
synpic18667,plane,which plane is this image in,sagittal,train,3,OPEN
synpic41287,plane,what image plane is this,sagittal,train,3,OPEN
synpic33444,plane,what plane is the image acquired in,sagittal,train,3,OPEN
synpic35688,plane,in what plane is this mri taken,sagittal,train,3,OPEN
synpic57919,plane,what plane is seen,sagittal,train,3,OPEN
synpic38326,plane,what is the plane of the image,sagittal,train,3,OPEN
synpic26908,plane,what plane is this mri in,sagittal,train,3,OPEN
synpic37394,plane,which plane is this ultrasound taken in,sagittal,train,3,OPEN
synpic53779,plane,which plane is the image shown in,sagittal,train,3,OPEN
synpic21317,plane,in what plane is this image taken,sagittal,train,3,OPEN
synpic33701,plane,which plane is the image taken,sagittal,train,3,OPEN
synpic35699,plane,what plane is this mri in,sagittal,train,3,OPEN
synpic16027,plane,which plane is the image taken,sagittal,train,3,OPEN
synpic52357,plane,in what plane was this image taken,sagittal,train,3,OPEN
synpic52849,plane,which plane is this mri taken in,sagittal,train,3,OPEN
synpic56201,plane,in what plane was this image taken,sagittal,train,3,OPEN
synpic35162,plane,what is the plane of this mri,sagittal,train,3,OPEN
synpic41917,plane,which plane is this image taken,sagittal,train,3,OPEN
synpic59257,plane,what plane is this mri in,sagittal,train,3,OPEN
synpic29733,plane,what plane is demonstrated,sagittal,train,3,OPEN
synpic52296,plane,what plane is this,sagittal,train,3,OPEN
synpic24431,plane,in what plane is this mri captured,sagittal,train,3,OPEN
synpic33616,plane,what plane is seen,sagittal,train,3,OPEN
synpic50620,plane,what plane is the image acquired in,sagittal,train,3,OPEN
synpic59178,plane,what is the plane of the image,sagittal,train,3,OPEN
synpic23599,plane,in what plane is this image oriented,sagittal,train,3,OPEN
synpic58475,plane,what plane is this film,sagittal,train,3,OPEN
synpic60629,plane,what plane is demonstrated,sagittal,train,3,OPEN
synpic27051,plane,what plane is this mri in,sagittal,train,3,OPEN
synpic56719,plane,in what plane is this mri taken,sagittal,train,3,OPEN
synpic21098,plane,in what plane is this mri taken,sagittal,train,3,OPEN
synpic40823,plane,what plane was used,sagittal,train,3,OPEN
synpic41707,plane,what plane is the image acquired in,sagittal,val,3,OPEN
synpic55483,plane,what is the plane of the image,sagittal,train,3,OPEN
synpic57719,plane,what plane is this mri in,sagittal,train,3,OPEN
synpic48907,plane,what image plane is this,sagittal,train,3,OPEN
synpic54698,plane,in what plane was this image taken,sagittal,train,3,OPEN
synpic40903,plane,what plane is demonstrated,sagittal,train,3,OPEN
synpic20605,plane,in what plane is this image oriented,sagittal,train,3,OPEN
synpic25168,plane,which plane is this image taken,sagittal,train,3,OPEN
synpic41864,plane,what is the plane of the mri,sagittal,train,3,OPEN
synpic25219,plane,which plane is the image shown in,sagittal,train,3,OPEN
synpic50429,plane,in what plane is this image oriented,sagittal,train,3,OPEN
synpic56139,plane,what plane was used in this mri,sagittal,train,3,OPEN
synpic53956,plane,which plane is the image shown in,sagittal,train,3,OPEN
synpic45921,plane,which plane is the image shown in,sagittal,train,3,OPEN
synpic44955,plane,in what plane is this mri captured,sagittal,val,3,OPEN
synpic41339,plane,what plane is demonstrated,sagittal,train,3,OPEN
synpic49961,plane,in what plane was this image taken,sagittal,train,3,OPEN
synpic34953,plane,what plane is seen,sagittal,train,3,OPEN
synpic45165,plane,which plane is the image shown in,sagittal,train,3,OPEN
synpic27729,plane,which plane is the image taken,sagittal,train,3,OPEN
synpic27812,plane,what plane is this,sagittal,train,3,OPEN
synpic54131,plane,in what plane is this mri,sagittal,train,3,OPEN
synpic58434,plane,in what plane is this image taken,sagittal,train,3,OPEN
synpic45999,plane,what plane is seen,sagittal,train,3,OPEN
synpic27650,plane,in what plane is this image taken,sagittal,train,3,OPEN
synpic21721,plane,what plane is this mri in,sagittal,train,3,OPEN
synpic35685,plane,in what plane is this mri,sagittal,train,3,OPEN
synpic57468,plane,what is the plane of this ct scan,sagittal,train,3,OPEN
synpic45382,plane,in which plane is the mri displayed,sagittal,val,3,OPEN
synpic35603,plane,in what plane is this mri,sagittal,train,3,OPEN
synpic47012,plane,what is the plane of this mri,sagittal,train,3,OPEN
synpic15591,plane,in what plane was this image taken,sagittal,train,3,OPEN
synpic34405,plane,what plane was used in this mri,sagittal,train,3,OPEN
synpic16894,plane,what is the plane of the ct scan,sagittal,test,3,OPEN
synpic46211,plane,which plane is the image taken,sagittal,train,3,OPEN
synpic56783,plane,in what plane is this mri,sagittal,train,3,OPEN
synpic48279,plane,what plane is seen,sagittal,train,3,OPEN
synpic22245,plane,which plane is the image shown in,sagittal,train,3,OPEN
synpic55727,plane,what plane is this mri in,sagittal,val,3,OPEN
synpic50427,plane,in what plane is this mri,sagittal,train,3,OPEN
synpic23661,plane,which plane is this mri taken in,sagittal,train,3,OPEN
synpic50756,plane,which plane is this image taken,sagittal,train,3,OPEN
synpic100295,plane,in which plane is the ultrasound displayed,sagittal,val,3,OPEN
synpic57588,plane,what is the plane,sagittal,train,3,OPEN
synpic61253,plane,in which plane is the mri displayed,sagittal,train,3,OPEN
synpic54766,plane,what is the plane of the image,sagittal,val,3,OPEN
synpic60839,plane,what is the plane of the mri,sagittal,train,3,OPEN
synpic41048,plane,which plane is the image taken,sagittal,train,3,OPEN
synpic39483,plane,what plane is seen,sagittal,train,3,OPEN
synpic41195,plane,in what plane is this mri,sagittal,train,3,OPEN
synpic59929,plane,what plane was used in this ct scan,sagittal,train,3,OPEN
synpic46264,plane,in what plane is this ct scan,sagittal,train,3,OPEN
synpic57366,plane,in what plane is this image taken,sagittal,train,3,OPEN
synpic45054,plane,in what plane is this image oriented,sagittal,train,3,OPEN
synpic26352,plane,what is the plane of this mri,sagittal,train,3,OPEN
synpic46240,plane,in what plane is this mri,sagittal,train,3,OPEN
synpic55822,plane,in what plane is this mri,sagittal,train,3,OPEN
synpic35203,plane,in what plane is this mri,sagittal,val,3,OPEN
synpic26850,plane,what image plane is this,sagittal,val,3,OPEN
synpic52577,plane,what plane is this,sagittal,train,3,OPEN
synpic36934,plane,in what plane is this mri captured,sagittal,train,3,OPEN
synpic51793,plane,in what plane is this image taken,sagittal,train,3,OPEN
synpic40568,plane,which plane is the image taken,sagittal,train,3,OPEN
synpic48667,plane,in what plane is this image taken,sagittal,train,3,OPEN
synpic46232,plane,which plane is the image taken,sagittal,train,3,OPEN
synpic56035,plane,what plane is this mri in,sagittal,train,3,OPEN
synpic51882,plane,what plane is seen,sagittal,train,3,OPEN
synpic37980,plane,what plane is demonstrated,sagittal,train,3,OPEN
synpic58322,plane,which plane is the image shown in,sagittal,train,3,OPEN
synpic25380,plane,what plane is this,sagittal,train,3,OPEN
synpic48741,plane,what plane is this mri in,sagittal,train,3,OPEN
synpic35693,plane,in what plane is this mri taken,sagittal,val,3,OPEN
synpic46541,plane,what plane is this ultrasound in,sagittal,train,3,OPEN
synpic45536,plane,what plane is demonstrated,sagittal,train,3,OPEN
synpic33913,plane,what plane was used,sagittal,val,3,OPEN
synpic43498,plane,in what plane is this image oriented,sagittal,train,3,OPEN
synpic43896,plane,in what plane is this ultrasound captured,sagittal,train,3,OPEN
synpic57724,plane,which plane is the image shown in,sagittal,train,3,OPEN
synpic41916,plane,in what plane is this mri taken,sagittal,train,3,OPEN
synpic43857,plane,what plane is demonstrated,sagittal,train,3,OPEN
synpic51954,plane,what is the plane of this mri,sagittal,train,3,OPEN
synpic40000,plane,what is the plane of this mri,sagittal,val,3,OPEN
synpic25061,plane,which plane is the image taken,sagittal,train,3,OPEN
synpic41203,plane,in what plane was this image taken,sagittal,train,3,OPEN
synpic39696,plane,what is the plane of the image,sagittal,val,3,OPEN
synpic57734,plane,what plane is this mri in,sagittal,train,3,OPEN
synpic59165,plane,in what plane is this ultrasound captured,sagittal,train,3,OPEN
synpic30468,plane,what plane is seen,sagittal,train,3,OPEN
synpic51203,plane,in what plane is this ct scan,sagittal,train,3,OPEN
synpic59738,plane,which plane is the image taken,sagittal,train,3,OPEN
synpic27293,plane,what plane is this film,sagittal,train,3,OPEN
synpic32712,plane,what plane is the image acquired in,sagittal,train,3,OPEN
synpic30275,plane,in what plane is this image taken,sagittal,train,3,OPEN
synpic49910,plane,what plane is this film,sagittal,train,3,OPEN
synpic44943,plane,what plane is demonstrated,sagittal,train,3,OPEN
synpic17310,plane,what plane is this film,sagittal,train,3,OPEN
synpic27816,plane,in what plane is this ultrasound taken,sagittal,train,3,OPEN
synpic46836,plane,what is the plane of the image,sagittal,train,3,OPEN
synpic40915,plane,in what plane is this image taken,sagittal,val,3,OPEN
synpic58797,plane,what plane is this,sagittal,train,3,OPEN
synpic52803,plane,in what plane is this image taken,sagittal,train,3,OPEN
synpic48337,plane,in what plane is this image oriented,sagittal,train,3,OPEN
synpic27462,plane,in which plane is the mri displayed,sagittal,train,3,OPEN
synpic57750,plane,what plane is this film,sagittal,train,3,OPEN
synpic58689,plane,what plane was used in this mri,sagittal,train,3,OPEN
synpic56719,organ,what organ is this mri showing,skull and contents,train,4,OPEN
synpic48571,organ,which organ system is imaged,skull and contents,train,4,OPEN
synpic17905,organ,what organ system is imaged,skull and contents,train,4,OPEN
synpic58796,organ,what organ system is pictured here,skull and contents,train,4,OPEN
synpic48257,organ,what organ system is evaluated primarily,skull and contents,train,4,OPEN
synpic46453,organ,what is one organ system seen in this image,skull and contents,train,4,OPEN
synpic22548,organ,what organ system is visualized,skull and contents,train,4,OPEN
synpic32106,organ,what part of the body is being imaged,skull and contents,train,4,OPEN
synpic54627,organ,what organ systems can be evaluated with this mri,skull and contents,val,4,OPEN
synpic45577,organ,what part of the body is being imaged here,skull and contents,val,4,OPEN
synpic48096,organ,what is the organ system in this image,skull and contents,train,4,OPEN
synpic11815,organ,which organ is captured by this ct scan,skull and contents,train,4,OPEN
synpic41325,organ,what organ system is pictured here,skull and contents,train,4,OPEN
synpic56430,organ,what is one organ system seen in this image,skull and contents,train,4,OPEN
synpic36254,organ,what organ system is primarily present in this image,skull and contents,train,4,OPEN
synpic53591,organ,what organ system is shown in the image,skull and contents,train,4,OPEN
synpic58194,organ,what is the organ principally shown in this ct scan,skull and contents,train,4,OPEN
synpic33284,organ,what organ system is primarily present in this image,skull and contents,train,4,OPEN
synpic39725,organ,which organ system is imaged,skull and contents,train,4,OPEN
synpic58999,organ,what is one organ system seen in this image,skull and contents,train,4,OPEN
synpic51376,organ,what organ system is shown in the image,skull and contents,train,4,OPEN
synpic41654,organ,what organ system is evaluated primarily,skull and contents,train,4,OPEN
synpic57767,organ,what is the organ system in this image,skull and contents,train,4,OPEN
synpic58579,organ,what part of the body is being imaged here,skull and contents,train,4,OPEN
synpic44995,organ,what organ system is primarily present in this image,skull and contents,val,4,OPEN
synpic57971,organ,what organ system is primarily present in this image,skull and contents,train,4,OPEN
synpic40285,organ,what organ system is pictured here,skull and contents,train,4,OPEN
synpic36777,organ,what part of the body does this mri show,skull and contents,train,4,OPEN
synpic48877,organ,what is the organ system in this image,skull and contents,train,4,OPEN
synpic52635,organ,what organ system is being imaged,skull and contents,train,4,OPEN
synpic55953,organ,what part of the body does this mri show,skull and contents,train,4,OPEN
synpic38560,organ,what organ systems can be evaluated with this mri,skull and contents,train,4,OPEN
synpic52906,organ,what organ system is displayed in this mri,skull and contents,train,4,OPEN
synpic41182,organ,what organ system is primarily present in this image,skull and contents,train,4,OPEN
synpic39735,organ,what organ system is shown in this mri,skull and contents,train,4,OPEN
synpic34794,organ,what is the organ principally shown in this mri,skull and contents,val,4,OPEN
synpic30698,organ,what part of the body is being imaged here,skull and contents,train,4,OPEN
synpic58751,organ,what organ system is primarily present in this image,skull and contents,train,4,OPEN
synpic49514,organ,what organ is this image of,skull and contents,train,4,OPEN
synpic40721,organ,what organ system is shown in the image,skull and contents,train,4,OPEN
synpic23634,organ,what part of the body does this mri show,skull and contents,train,4,OPEN
synpic52590,organ,which organ system is imaged,skull and contents,train,4,OPEN
synpic57601,organ,the mri shows what organ system,skull and contents,train,4,OPEN
synpic34541,organ,what organ system is being imaged,skull and contents,train,4,OPEN
synpic49520,organ,which organ system is shown in the mri,skull and contents,train,4,OPEN
synpic43520,organ,what organ system is pictured here,skull and contents,train,4,OPEN
synpic20471,organ,what organ system is shown in this mri,skull and contents,train,4,OPEN
synpic46071,organ,what part of the body does this mri show,skull and contents,test,4,OPEN
synpic49486,organ,what organ system is evaluated primarily,skull and contents,train,4,OPEN
synpic37624,organ,what organ system is shown in the image,skull and contents,train,4,OPEN
synpic50562,organ,what organ system is imaged,skull and contents,train,4,OPEN
synpic55460,organ,what organ system is evaluated primarily,skull and contents,train,4,OPEN
synpic23032,organ,what organ system is visualized,skull and contents,train,4,OPEN
synpic51299,organ,what organ system is evaluated primarily,skull and contents,train,4,OPEN
synpic23644,organ,what organ is this mri showing,skull and contents,train,4,OPEN
synpic41844,organ,what organ system is shown in this mri,skull and contents,train,4,OPEN
synpic48365,organ,which organ system is imaged,skull and contents,train,4,OPEN
synpic35222,organ,what is the organ principally shown in this mri,skull and contents,train,4,OPEN
synpic44049,organ,what organ system is visualized,skull and contents,train,4,OPEN
synpic23255,organ,what organ systems can be evaluated with this ct scan,skull and contents,val,4,OPEN
synpic60250,organ,what organ is this image of,skull and contents,val,4,OPEN
synpic39483,organ,what organ system is visualized,skull and contents,train,4,OPEN
synpic38248,organ,which organ system is shown in the mri,skull and contents,train,4,OPEN
synpic58544,organ,what organ system is primarily present in this image,skull and contents,val,4,OPEN
synpic52038,organ,what part of the body is being imaged,skull and contents,test,4,OPEN
synpic48249,organ,the mri shows what organ system,skull and contents,val,4,OPEN
synpic57885,organ,what organ system is evaluated primarily,skull and contents,train,4,OPEN
synpic45150,organ,what part of the body does this mri show,skull and contents,val,4,OPEN
synpic19454,organ,what organ system is imaged,skull and contents,train,4,OPEN
synpic25310,organ,which organ is captured by this mri,skull and contents,test,4,OPEN
synpic51949,organ,what organ system is shown in this ct scan,skull and contents,train,4,OPEN
synpic55796,organ,which organ is captured by this mri,skull and contents,train,4,OPEN
synpic55688,organ,what organ system is being imaged,skull and contents,train,4,OPEN
synpic58315,organ,what organ system is being imaged,skull and contents,train,4,OPEN
synpic53626,organ,what organ is this image of,skull and contents,train,4,OPEN
synpic16290,organ,which organ is captured by this mri,skull and contents,train,4,OPEN
synpic22284,organ,what organ is this image of,skull and contents,test,4,OPEN
synpic36869,organ,what organ system is shown in this mri,skull and contents,train,4,OPEN
synpic26244,organ,the mri shows what organ system,skull and contents,train,4,OPEN
synpic48066,organ,what organ system is pictured here,skull and contents,val,4,OPEN
synpic48397,organ,what organ system is primarily present in this image,skull and contents,val,4,OPEN
synpic50802,organ,what is the organ principally shown in this ct scan,skull and contents,train,4,OPEN
synpic39967,organ,what organ system is pictured here,skull and contents,val,4,OPEN
synpic16524,organ,what organ is this image of,skull and contents,train,4,OPEN
synpic43015,organ,what organ is this mri showing,skull and contents,train,4,OPEN
synpic56011,organ,what organ system is being imaged,skull and contents,train,4,OPEN
synpic44936,organ,what organ is this image of,skull and contents,train,4,OPEN
synpic37644,organ,what organ system is shown in the image,skull and contents,train,4,OPEN
synpic46419,organ,what organ system is imaged,skull and contents,val,4,OPEN
synpic48444,organ,what organ system is displayed in this mri,skull and contents,train,4,OPEN
synpic57004,organ,what part of the body is being imaged,skull and contents,train,4,OPEN
synpic51335,organ,which organ system is imaged,skull and contents,train,4,OPEN
synpic53911,organ,what organ systems can be evaluated with this mri,skull and contents,train,4,OPEN
synpic55155,organ,what is the organ principally shown in this mri,skull and contents,train,4,OPEN
synpic59574,organ,what organ system is pictured here,skull and contents,train,4,OPEN
synpic48021,organ,what organ system is imaged,skull and contents,val,4,OPEN
synpic48887,organ,what organ system is shown in the image,skull and contents,train,4,OPEN
synpic4182,organ,what organ system is displayed in this ct scan,skull and contents,train,4,OPEN
synpic18251,organ,what organ system is primarily present in this image,skull and contents,test,4,OPEN
synpic54048,organ,what organ system is shown in the image,skull and contents,train,4,OPEN
synpic35092,organ,which organ is captured by this mri,skull and contents,train,4,OPEN
synpic52438,organ,what is one organ system seen in this image,skull and contents,train,4,OPEN
synpic35803,organ,what organ system is being imaged,skull and contents,train,4,OPEN
synpic41789,organ,what part of the body does this mri show,skull and contents,train,4,OPEN
synpic56387,organ,what part of the body is being imaged here,skull and contents,train,4,OPEN
synpic56885,organ,what organ system is shown in the image,skull and contents,train,4,OPEN
synpic18723,organ,what part of the body is being imaged,skull and contents,train,4,OPEN
synpic39757,organ,what part of the body is being imaged here,skull and contents,train,4,OPEN
synpic56852,organ,what organ system is shown in the image,skull and contents,train,4,OPEN
synpic54051,organ,what organ is this mri showing,skull and contents,train,4,OPEN
synpic59942,organ,what organ system is being imaged,skull and contents,train,4,OPEN
synpic55589,organ,what organ system is shown in the image,skull and contents,train,4,OPEN
synpic34859,organ,what organ system is displayed in this mri,skull and contents,train,4,OPEN
synpic53549,organ,what part of the body is being imaged here,skull and contents,train,4,OPEN
synpic40485,organ,what part of the body does this mri show,skull and contents,train,4,OPEN
synpic57757,organ,what organ system is imaged,skull and contents,val,4,OPEN
synpic40496,organ,what is the organ system in this image,skull and contents,train,4,OPEN
synpic45975,organ,what organ system is evaluated primarily,skull and contents,train,4,OPEN
synpic28837,organ,which organ system is imaged,skull and contents,val,4,OPEN
synpic47441,organ,what organ is this image of,skull and contents,train,4,OPEN
synpic51544,organ,what organ system is visualized,skull and contents,train,4,OPEN
synpic48920,organ,what part of the body does this mri show,skull and contents,train,4,OPEN
synpic27746,organ,what organ is this ct scan showing,skull and contents,train,4,OPEN
synpic55322,organ,what organ system is displayed in this mri,skull and contents,train,4,OPEN
synpic47608,organ,what organ system is being imaged,skull and contents,test,4,OPEN
synpic34133,organ,what organ system is shown in this mri,skull and contents,train,4,OPEN
synpic41692,organ,which organ is captured by this mri,skull and contents,train,4,OPEN
synpic53848,organ,what is the organ principally shown in this mri,skull and contents,test,4,OPEN
synpic54541,organ,what organ system is pictured here,skull and contents,train,4,OPEN
synpic51472,organ,what organ system is imaged,skull and contents,train,4,OPEN
synpic57972,organ,what organ is this mri showing,skull and contents,train,4,OPEN
synpic56854,organ,the ct scan shows what organ system,skull and contents,train,4,OPEN
synpic57890,organ,the angiogram shows what organ system,skull and contents,train,4,OPEN
synpic41323,organ,what organ system is shown in the image,skull and contents,train,4,OPEN
synpic45064,organ,what organ is this mri showing,skull and contents,train,4,OPEN
synpic10770,organ,what organ system is shown in the image,skull and contents,train,4,OPEN
synpic59686,organ,what part of the body is being imaged here,skull and contents,train,4,OPEN
synpic44101,organ,what organ system is imaged,skull and contents,train,4,OPEN
synpic48074,organ,what organ is this ct scan showing,skull and contents,train,4,OPEN
synpic58906,organ,what organ system is shown in the image,skull and contents,train,4,OPEN
synpic55059,organ,what is the organ principally shown in this angiogram,skull and contents,train,4,OPEN
synpic47964,organ,which organ is captured by this mri,skull and contents,test,4,OPEN
synpic55705,organ,what organ system is imaged,skull and contents,train,4,OPEN
synpic40228,organ,what part of the body does this mri show,skull and contents,train,4,OPEN
synpic56001,organ,the angiogram shows what organ system,skull and contents,val,4,OPEN
synpic37607,organ,what organ system is shown in this mri,skull and contents,train,4,OPEN
synpic47351,organ,what organ system is evaluated primarily,skull and contents,val,4,OPEN
synpic25331,organ,what organ system is shown in the image,skull and contents,train,4,OPEN
synpic42059,organ,what organ is this mri showing,skull and contents,train,4,OPEN
synpic49395,organ,what is the organ principally shown in this mri,skull and contents,train,4,OPEN
synpic25326,organ,which organ system is imaged,skull and contents,train,4,OPEN
synpic55594,organ,what organ system is shown in the image,skull and contents,train,4,OPEN
synpic45981,organ,what organ is this image of,skull and contents,train,4,OPEN
synpic43521,organ,which organ system is shown in the mri,skull and contents,train,4,OPEN
synpic60487,organ,what organ system is evaluated primarily,skull and contents,train,4,OPEN
synpic54081,organ,what is the organ principally shown in this ct scan,skull and contents,train,4,OPEN
synpic30275,organ,what organ system is imaged,skull and contents,train,4,OPEN
synpic38218,organ,which organ is captured by this mri,skull and contents,train,4,OPEN
synpic43842,organ,what organ system is shown in the image,skull and contents,train,4,OPEN
synpic35109,organ,what organ is this image of,skull and contents,train,4,OPEN
synpic56114,organ,the mri shows what organ system,skull and contents,val,4,OPEN
synpic38072,organ,what organ systems can be evaluated with this mri,skull and contents,train,4,OPEN
synpic59476,organ,what is one organ system seen in this image,skull and contents,train,4,OPEN
synpic18546,organ,what organ is this ct scan showing,skull and contents,train,4,OPEN
synpic39607,organ,which organ system is shown in the mri,skull and contents,train,4,OPEN
synpic25386,organ,what organ system is pictured here,skull and contents,train,4,OPEN
synpic58329,organ,the mri shows what organ system,skull and contents,val,4,OPEN
synpic56036,organ,what organ system is shown in the image,skull and contents,val,4,OPEN
synpic34552,organ,which organ is captured by this mri,skull and contents,val,4,OPEN
synpic59382,organ,what organ system is shown in the image,skull and contents,train,4,OPEN
synpic56893,organ,the mri shows what organ system,skull and contents,train,4,OPEN
synpic56487,organ,what organ system is shown in the image,skull and contents,train,4,OPEN
synpic38425,organ,what organ system is visualized,skull and contents,train,4,OPEN
synpic35854,organ,what organ system is pictured here,skull and contents,train,4,OPEN
synpic59844,organ,what part of the body is being imaged here,skull and contents,train,4,OPEN
synpic40495,organ,what is the organ principally shown in this mri,skull and contents,train,4,OPEN
synpic55342,organ,which organ system is shown in the mri,skull and contents,train,4,OPEN
synpic50024,organ,what organ system is being imaged,skull and contents,train,4,OPEN
synpic52924,organ,what is the organ principally shown in this ct scan,skull and contents,train,4,OPEN
synpic55822,organ,what organ system is evaluated primarily,skull and contents,train,4,OPEN
synpic24125,organ,what organ is this mri showing,skull and contents,train,4,OPEN
synpic40945,organ,which organ system is imaged,skull and contents,train,4,OPEN
synpic55541,organ,what organ is this ct scan showing,skull and contents,train,4,OPEN
synpic46263,organ,what organ system is displayed in this ct scan,skull and contents,train,4,OPEN
synpic51016,organ,what organ system is pictured here,skull and contents,train,4,OPEN
synpic44103,organ,what is the organ system in this image,skull and contents,train,4,OPEN
synpic49029,organ,what organ is this image of,skull and contents,train,4,OPEN
synpic55701,organ,what organ system is primarily present in this image,skull and contents,train,4,OPEN
synpic17687,organ,what organ is this mri showing,skull and contents,train,4,OPEN
synpic41330,organ,what organ is this mri showing,skull and contents,train,4,OPEN
synpic44100,organ,what is the organ principally shown in this ct scan,skull and contents,train,4,OPEN
synpic37107,organ,what organ system is pictured here,skull and contents,train,4,OPEN
synpic55583,organ,what is the organ system in this image,skull and contents,train,4,OPEN
synpic55858,organ,what part of the body does this mri show,skull and contents,train,4,OPEN
synpic35805,organ,what organ system is shown in the image,skull and contents,train,4,OPEN
synpic25200,organ,what part of the body is being imaged here,skull and contents,train,4,OPEN
synpic49435,organ,what organ system is visualized,skull and contents,train,4,OPEN
synpic56340,organ,which organ is captured by this mri,skull and contents,train,4,OPEN
synpic41044,organ,which organ system is shown in the mri,skull and contents,test,4,OPEN
synpic40629,organ,what part of the body is being imaged here,skull and contents,train,4,OPEN
synpic40000,organ,what organ system is being imaged,skull and contents,val,4,OPEN
synpic50558,organ,what part of the body is being imaged,skull and contents,test,4,OPEN
synpic51392,organ,what organ system is shown in the image,skull and contents,train,4,OPEN
synpic57482,organ,what organ systems can be evaluated with this mri,skull and contents,train,4,OPEN
synpic45490,organ,what organ system is shown in this mri,skull and contents,train,4,OPEN
synpic58912,organ,what organ systems can be evaluated with this mri,skull and contents,val,4,OPEN
synpic29459,organ,what organ system is visualized,skull and contents,train,4,OPEN
synpic49072,organ,what is the organ principally shown in this mri,skull and contents,val,4,OPEN
synpic26350,organ,what organ system is being imaged,skull and contents,train,4,OPEN
synpic16122,organ,what part of the body is being imaged,skull and contents,train,4,OPEN
synpic56776,organ,what organ system is imaged,skull and contents,train,4,OPEN
synpic49026,organ,what part of the body is being imaged,skull and contents,train,4,OPEN
synpic24599,organ,which organ is captured by this mri,skull and contents,train,4,OPEN
synpic35769,organ,what organ is this image of,skull and contents,train,4,OPEN
synpic49854,organ,what part of the body is being imaged,skull and contents,train,4,OPEN
synpic60278,organ,which organ is captured by this mri,skull and contents,train,4,OPEN
synpic25109,organ,what organ is this image of,skull and contents,val,4,OPEN
synpic38575,organ,what organ system is displayed in this mri,skull and contents,val,4,OPEN
synpic46858,organ,what organ system is displayed in this mri,skull and contents,train,4,OPEN
synpic40947,organ,what is the organ system in this image,skull and contents,val,4,OPEN
synpic34461,organ,the mri shows what organ system,skull and contents,train,4,OPEN
synpic45704,organ,what organ system is evaluated primarily,skull and contents,train,4,OPEN
synpic45152,organ,what organ system is evaluated primarily,skull and contents,train,4,OPEN
synpic39327,organ,what organ is this mri showing,skull and contents,train,4,OPEN
synpic47700,organ,what is one organ system seen in this image,skull and contents,train,4,OPEN
synpic47882,organ,what organ system is being imaged,skull and contents,train,4,OPEN
synpic34163,organ,what part of the body is being imaged here,skull and contents,train,4,OPEN
synpic45536,organ,which organ system is shown in the ct scan,skull and contents,train,4,OPEN
synpic36339,organ,what organ is this image of,skull and contents,train,4,OPEN
synpic19790,organ,what organ system is displayed in this mri,skull and contents,train,4,OPEN
synpic53520,organ,what organ systems can be evaluated with this mri,skull and contents,train,4,OPEN
synpic38224,organ,what organ system is primarily present in this image,skull and contents,train,4,OPEN
synpic55840,organ,what organ system is shown in the image,skull and contents,train,4,OPEN
synpic52569,organ,what organ system is displayed in this mri,skull and contents,train,4,OPEN
synpic38626,organ,which organ is captured by this mri,skull and contents,train,4,OPEN
synpic59589,organ,what is the organ system in this image,skull and contents,train,4,OPEN
synpic34972,organ,what part of the body is being imaged,skull and contents,train,4,OPEN
synpic46752,organ,what organ system is pictured here,skull and contents,train,4,OPEN
synpic40703,organ,what part of the body is being imaged,skull and contents,val,4,OPEN
synpic52370,organ,what organ system is displayed in this mri,skull and contents,train,4,OPEN
synpic58495,organ,what organ system is pictured here,skull and contents,val,4,OPEN
synpic17328,organ,what organ system is primarily present in this image,skull and contents,train,4,OPEN
synpic26932,organ,what is the organ system in this image,skull and contents,train,4,OPEN
synpic56649,organ,what part of the body is being imaged,skull and contents,train,4,OPEN
synpic38551,organ,what is the organ system in this image,skull and contents,val,4,OPEN
synpic51842,organ,what part of the body is being imaged here,skull and contents,train,4,OPEN
synpic49959,organ,what part of the body does this mri show,skull and contents,train,4,OPEN
synpic59654,organ,which organ system is shown in the ct scan,skull and contents,train,4,OPEN
synpic40231,organ,what part of the body does this mri show,skull and contents,val,4,OPEN
synpic38450,organ,what organ is this ct scan showing,skull and contents,train,4,OPEN
synpic46148,organ,what organ is this image of,skull and contents,train,4,OPEN
synpic53447,organ,what organ system is pictured here,skull and contents,train,4,OPEN
synpic49950,organ,what is one organ system seen in this image,skull and contents,train,4,OPEN
synpic40722,organ,which organ is captured by this mri,skull and contents,train,4,OPEN
synpic56552,organ,what organ system is displayed in this mri,skull and contents,train,4,OPEN
synpic55323,organ,which organ system is shown in the mri,skull and contents,train,4,OPEN
synpic34021,organ,what is the organ principally shown in this mri,skull and contents,train,4,OPEN
synpic55795,organ,what is the organ principally shown in this mri,skull and contents,train,4,OPEN
synpic21868,organ,what is the organ system in this image,skull and contents,train,4,OPEN
synpic58184,organ,what part of the body does this mri show,skull and contents,val,4,OPEN
synpic37862,organ,what organ system is shown in this mri,skull and contents,train,4,OPEN
synpic23998,organ,what organ system is displayed in this mri,skull and contents,train,4,OPEN
synpic58537,organ,what organ system is displayed in this mri,skull and contents,train,4,OPEN
synpic17397,organ,which organ system is imaged,skull and contents,train,4,OPEN
synpic57750,organ,which organ system is imaged,skull and contents,train,4,OPEN
synpic53953,organ,what organ system is pictured here,skull and contents,train,4,OPEN
synpic56357,organ,what organ system is imaged,skull and contents,train,4,OPEN
synpic60826,organ,what organ system is evaluated primarily,skull and contents,train,4,OPEN
synpic45970,organ,which organ system is imaged,skull and contents,train,4,OPEN
synpic34337,organ,what organ system is pictured here,skull and contents,train,4,OPEN
synpic41048,organ,what organ system is visualized,skull and contents,train,4,OPEN
synpic55255,organ,which organ is captured by this mri,skull and contents,train,4,OPEN
synpic46288,organ,what organ system is primarily present in this image,skull and contents,test,4,OPEN
synpic58167,organ,what organ is this image of,skull and contents,train,4,OPEN
synpic59324,organ,what part of the body does this x-ray show,skull and contents,train,4,OPEN
synpic40057,organ,what part of the body does this mri show,skull and contents,train,4,OPEN
synpic59843,organ,what organ system is being imaged,skull and contents,train,4,OPEN
synpic49313,organ,what organ system is shown in the image,skull and contents,train,4,OPEN
synpic50429,organ,what organ system is shown in the image,skull and contents,train,4,OPEN
synpic39028,organ,what is the organ principally shown in this mri,skull and contents,train,4,OPEN
synpic53046,organ,what is one organ system seen in this image,skull and contents,train,4,OPEN
synpic50917,organ,what organ is this image of,skull and contents,val,4,OPEN
synpic39026,organ,what part of the body does this mri show,skull and contents,train,4,OPEN
synpic34823,organ,what part of the body is being imaged here,skull and contents,train,4,OPEN
synpic19257,organ,what part of the body is being imaged,skull and contents,train,4,OPEN
synpic22557,organ,the mri shows what organ system,skull and contents,train,4,OPEN
synpic34330,organ,what organ system is shown in this mri,skull and contents,train,4,OPEN
synpic48046,organ,what organ system is pictured here,skull and contents,train,4,OPEN
synpic17883,organ,what part of the body is being imaged here,skull and contents,train,4,OPEN
synpic57362,organ,the mri shows what organ system,skull and contents,train,4,OPEN
synpic34544,organ,what organ system is pictured here,skull and contents,train,4,OPEN
synpic27128,organ,what organ is this ct scan showing,skull and contents,train,4,OPEN
synpic45877,organ,which organ system is imaged,skull and contents,train,4,OPEN
synpic45827,organ,which organ system is imaged,skull and contents,val,4,OPEN
synpic21385,organ,the mri shows what organ system,skull and contents,val,4,OPEN
synpic56673,organ,what is one organ system seen in this image,skull and contents,train,4,OPEN
synpic58925,organ,which organ system is imaged,skull and contents,test,4,OPEN
synpic57859,organ,which organ is captured by this ct scan,skull and contents,train,4,OPEN
synpic39588,organ,which organ system is shown in the mri,skull and contents,train,4,OPEN
synpic26246,organ,the mri shows what organ system,skull and contents,val,4,OPEN
synpic26575,organ,what organ system is being imaged,skull and contents,train,4,OPEN
synpic55711,organ,what organ system is pictured here,skull and contents,train,4,OPEN
synpic27027,organ,what organ system is shown in this ct scan,skull and contents,train,4,OPEN
synpic54654,organ,the mri shows what organ system,skull and contents,train,4,OPEN
synpic35919,organ,what organ system is imaged,skull and contents,test,4,OPEN
synpic25435,organ,which organ is captured by this mri,skull and contents,val,4,OPEN
synpic42046,organ,what organ system is pictured here,skull and contents,train,4,OPEN
synpic51255,organ,what is one organ system seen in this image,skull and contents,train,4,OPEN
synpic58540,organ,what organ systems can be evaluated with this mri,skull and contents,train,4,OPEN
synpic61237,organ,what organ system is visualized,skull and contents,train,4,OPEN
synpic48900,organ,the mri shows what organ system,skull and contents,train,4,OPEN
synpic46519,organ,which organ is captured by this mri,skull and contents,train,4,OPEN
synpic60676,organ,what organ system is evaluated primarily,skull and contents,train,4,OPEN
synpic58481,organ,what organ system is evaluated primarily,skull and contents,train,4,OPEN
synpic44453,organ,what organ is this ct scan showing,skull and contents,train,4,OPEN
synpic41019,organ,what is the organ principally shown in this mri,skull and contents,train,4,OPEN
synpic41854,organ,what part of the body is being imaged,skull and contents,train,4,OPEN
synpic42086,organ,what organ system is displayed in this mri,skull and contents,train,4,OPEN
synpic20989,organ,what is the organ principally shown in this mri,skull and contents,train,4,OPEN
synpic48575,organ,what organ system is visualized,skull and contents,train,4,OPEN
synpic56642,organ,what organ system is evaluated primarily,skull and contents,train,4,OPEN
synpic52280,organ,what organ system is shown in the image,skull and contents,train,4,OPEN
synpic48036,organ,which organ system is shown in the ct scan,skull and contents,train,4,OPEN
synpic57417,organ,the mri shows what organ system,skull and contents,train,4,OPEN
synpic39045,organ,what organ is this angiogram showing,skull and contents,train,4,OPEN
synpic36445,organ,what organ system is shown in the image,skull and contents,train,4,OPEN
synpic39820,organ,what organ system is shown in the image,skull and contents,train,4,OPEN
synpic49503,organ,what part of the body is being imaged,skull and contents,val,4,OPEN
synpic27303,organ,what part of the body is being imaged here,skull and contents,train,4,OPEN
synpic32112,organ,what organ is this ct scan showing,skull and contents,train,4,OPEN
synpic35564,organ,what organ system is imaged,skull and contents,train,4,OPEN
synpic26603,organ,what organ is this image of,skull and contents,train,4,OPEN
synpic53870,organ,which organ system is imaged,skull and contents,train,4,OPEN
synpic25438,organ,what is the organ principally shown in this mri,skull and contents,train,4,OPEN
synpic20071,organ,which organ system is imaged,skull and contents,train,4,OPEN
synpic55404,organ,what part of the body does this ct scan show,skull and contents,train,4,OPEN
synpic51997,organ,the ultrasound shows what organ system,skull and contents,train,4,OPEN
synpic50798,organ,what organ system is evaluated primarily,skull and contents,train,4,OPEN
synpic56366,organ,what organ system is primarily present in this image,skull and contents,train,4,OPEN
synpic53526,organ,what organ system is shown in the image,skull and contents,train,4,OPEN
synpic53519,organ,what organ system is pictured here,skull and contents,train,4,OPEN
synpic59003,organ,what organ system is primarily present in this image,skull and contents,train,4,OPEN
synpic56023,organ,what organ systems can be evaluated with this ct scan,skull and contents,train,4,OPEN
synpic53970,organ,what is the organ system in this image,skull and contents,train,4,OPEN
synpic53973,organ,what organ system is shown in the image,skull and contents,train,4,OPEN
synpic38875,organ,what organ system is shown in this mri,skull and contents,train,4,OPEN
synpic33826,organ,what organ system is imaged,skull and contents,train,4,OPEN
synpic35606,organ,what organ system is imaged,skull and contents,train,4,OPEN
synpic49491,organ,what organ system is shown in the image,skull and contents,train,4,OPEN
synpic60476,organ,what is the organ system in this image,skull and contents,train,4,OPEN
synpic55069,organ,what organ system is primarily present in this image,skull and contents,train,4,OPEN
synpic23428,organ,what organ system is pictured here,skull and contents,train,4,OPEN
synpic58789,organ,which organ system is shown in the ct scan,skull and contents,train,4,OPEN
synpic46315,organ,what organ system is shown in the image,skull and contents,train,4,OPEN
synpic51420,organ,what organ system is shown in this ct scan,skull and contents,train,4,OPEN
synpic44105,organ,what organ system is evaluated primarily,skull and contents,train,4,OPEN
synpic37689,organ,what organ system is displayed in this mri,skull and contents,train,4,OPEN
synpic53405,organ,what organ is this image of,skull and contents,train,4,OPEN
synpic21321,organ,what organ system is displayed in this mri,skull and contents,train,4,OPEN
synpic59509,organ,what organ system is primarily present in this image,skull and contents,train,4,OPEN
synpic52631,organ,which organ system is shown in the mri,skull and contents,val,4,OPEN
synpic59563,organ,what organ system is being imaged,skull and contents,train,4,OPEN
synpic58470,organ,what organ system is primarily present in this image,skull and contents,train,4,OPEN
synpic45537,organ,what part of the body does this ct scan show,skull and contents,train,4,OPEN
synpic57611,organ,what part of the body is being imaged,skull and contents,train,4,OPEN
synpic46516,organ,what organ systems can be evaluated with this mri,skull and contents,test,4,OPEN
synpic45952,organ,what organ system is visualized,skull and contents,train,4,OPEN
synpic33806,organ,what part of the body is being imaged here,skull and contents,val,4,OPEN
synpic25384,organ,what organ system is shown in this mri,skull and contents,val,4,OPEN
synpic54475,organ,what organ system is visualized,skull and contents,test,4,OPEN
synpic41661,organ,what organ system is being imaged,skull and contents,train,4,OPEN
synpic25311,organ,what organ system is pictured here,skull and contents,test,4,OPEN
synpic27492,organ,what organ system is shown in the image,skull and contents,val,4,OPEN
synpic42106,organ,what is the organ principally shown in this mri,skull and contents,train,4,OPEN
synpic23548,organ,what organ system is shown in the image,skull and contents,train,4,OPEN
synpic53042,organ,the mri shows what organ system,skull and contents,val,4,OPEN
synpic36467,organ,what organ systems can be evaluated with this mri,skull and contents,train,4,OPEN
synpic60238,organ,what organ is this mri showing,skull and contents,train,4,OPEN
synpic49067,organ,what organ system is pictured here,skull and contents,train,4,OPEN
synpic23691,organ,what organ system is shown in the image,skull and contents,train,4,OPEN
synpic50025,organ,what organ system is shown in the image,skull and contents,train,4,OPEN
synpic47187,organ,what organ is this image of,skull and contents,test,4,OPEN
synpic56783,organ,which organ is captured by this mri,skull and contents,train,4,OPEN
synpic33910,organ,what is one organ system seen in this image,skull and contents,train,4,OPEN
synpic21020,organ,what organ system is pictured here,skull and contents,val,4,OPEN
synpic36540,organ,what is one organ system seen in this image,skull and contents,val,4,OPEN
synpic55906,organ,what organ system is evaluated primarily,skull and contents,train,4,OPEN
synpic53032,organ,what part of the body is being imaged here,skull and contents,train,4,OPEN
synpic54134,organ,the mri shows what organ system,skull and contents,train,4,OPEN
synpic32840,organ,what organ system is imaged,skull and contents,train,4,OPEN
synpic47035,organ,what part of the body is being imaged here,skull and contents,train,4,OPEN
synpic34953,organ,what organ systems can be evaluated with this mri,skull and contents,train,4,OPEN
synpic40809,organ,what organ system is being imaged,skull and contents,test,4,OPEN
synpic57302,organ,what organ system is primarily present in this image,skull and contents,train,4,OPEN
synpic45955,organ,what organ system is evaluated primarily,skull and contents,train,4,OPEN
synpic48023,organ,what organ system is shown in the image,skull and contents,train,4,OPEN
synpic49276,organ,the mri shows what organ system,skull and contents,train,4,OPEN
synpic42041,organ,what part of the body does this mri show,skull and contents,train,4,OPEN
synpic18255,organ,the mri shows what organ system,skull and contents,train,4,OPEN
synpic35240,organ,what organ is this image of,skull and contents,val,4,OPEN
synpic41907,organ,what organ is this image of,skull and contents,test,4,OPEN
synpic37216,organ,what organ is this mri showing,skull and contents,train,4,OPEN
synpic40108,organ,what organ systems can be evaluated with this mri,skull and contents,train,4,OPEN
synpic52551,organ,which organ system is shown in the mri,skull and contents,train,4,OPEN
synpic36073,organ,which organ system is shown in the mri,skull and contents,train,4,OPEN
synpic59562,organ,what organ system is primarily present in this image,skull and contents,train,4,OPEN
synpic26351,organ,what organ is this mri showing,skull and contents,test,4,OPEN
synpic39463,organ,what organ system is visualized,skull and contents,val,4,OPEN
synpic44473,organ,what organ system is shown in the image,skull and contents,train,4,OPEN
synpic50756,organ,the ct scan shows what organ system,skull and contents,train,4,OPEN
synpic51094,organ,which organ is captured by this mri,skull and contents,train,4,OPEN
synpic39024,organ,what organ system is displayed in this mri,skull and contents,train,4,OPEN
synpic35882,organ,what organ system is shown in the image,skull and contents,train,4,OPEN
synpic43767,organ,what organ system is imaged,skull and contents,val,4,OPEN
synpic56034,organ,what organ system is visualized,skull and contents,train,4,OPEN
synpic53199,organ,the ct scan shows what organ system,skull and contents,val,4,OPEN
synpic31974,organ,which organ system is shown in the mri,skull and contents,train,4,OPEN
synpic30706,organ,which organ system is imaged,skull and contents,train,4,OPEN
synpic58571,organ,what organ system is visualized,skull and contents,train,4,OPEN
synpic52468,organ,the mri shows what organ system,skull and contents,val,4,OPEN
synpic43846,organ,what organ is this angiogram showing,skull and contents,train,4,OPEN
synpic44991,organ,what part of the body does this ct scan show,skull and contents,train,4,OPEN
synpic57293,organ,what part of the body is being imaged,skull and contents,train,4,OPEN
synpic54466,organ,what organ system is shown in the image,skull and contents,train,4,OPEN
synpic52528,organ,what part of the body does this mri show,skull and contents,train,4,OPEN
synpic51071,organ,what organ is this mri showing,skull and contents,train,4,OPEN
synpic60224,organ,the mri shows what organ system,skull and contents,train,4,OPEN
synpic35814,organ,what organ system is visualized,skull and contents,train,4,OPEN
synpic21884,organ,what organ system is shown in the image,skull and contents,train,4,OPEN
synpic56520,organ,what organ is this image of,skull and contents,train,4,OPEN
synpic53971,organ,which organ system is imaged,skull and contents,train,4,OPEN
synpic48667,organ,what is one organ system seen in this image,skull and contents,train,4,OPEN
synpic56844,organ,which organ is captured by this mri,skull and contents,train,4,OPEN
synpic24771,organ,what organ system is shown in the image,skull and contents,train,4,OPEN
synpic36004,organ,what organ system is displayed in this ct scan,skull and contents,train,4,OPEN
synpic31525,organ,what part of the body is being imaged here,skull and contents,train,4,OPEN
synpic57383,organ,what organ is this mri showing,skull and contents,train,4,OPEN
synpic55000,organ,what part of the body is being imaged,skull and contents,train,4,OPEN
synpic35607,organ,what organ is this mri showing,skull and contents,train,4,OPEN
synpic59549,organ,what organ system is displayed in this ct scan,skull and contents,train,4,OPEN
synpic31993,organ,what is the organ principally shown in this mri,skull and contents,train,4,OPEN
synpic20627,organ,what organ system is shown in the image,skull and contents,train,4,OPEN
synpic49961,organ,what organ is this mri showing,skull and contents,train,4,OPEN
synpic49495,organ,what organ systems can be evaluated with this mri,skull and contents,train,4,OPEN
synpic36774,organ,what organ is this mri showing,skull and contents,train,4,OPEN
synpic21158,organ,what organ system is pictured here,skull and contents,train,4,OPEN
synpic57077,organ,what organ system is shown in the image,skull and contents,train,4,OPEN
synpic16607,organ,which organ is captured by this ct scan,skull and contents,train,4,OPEN
synpic16563,organ,what organ is this ultrasound showing,skull and contents,train,4,OPEN
synpic52812,organ,which organ is captured by this mri,skull and contents,train,4,OPEN
synpic59468,organ,what organ system is being imaged,skull and contents,train,4,OPEN
synpic40845,organ,what organ system is displayed in this mri,skull and contents,val,4,OPEN
synpic56107,organ,what organ system is primarily present in this image,skull and contents,test,4,OPEN
synpic58742,organ,what is one organ system seen in this image,skull and contents,val,4,OPEN
synpic34412,organ,what part of the body does this mri show,skull and contents,train,4,OPEN
synpic40860,organ,what organ system is pictured here,skull and contents,train,4,OPEN
synpic55020,organ,what organ system is shown in the image,skull and contents,train,4,OPEN
synpic41970,organ,what organ system is imaged,skull and contents,train,4,OPEN
synpic55114,organ,what part of the body does this mri show,skull and contents,train,4,OPEN
synpic27649,organ,what organ system is pictured here,skull and contents,train,4,OPEN
synpic46316,organ,what part of the body is being imaged,skull and contents,train,4,OPEN
synpic48422,organ,what is the organ principally shown in this mri,skull and contents,val,4,OPEN
synpic46857,organ,what organ system is pictured here,skull and contents,train,4,OPEN
synpic47995,organ,what organ system is primarily present in this image,skull and contents,train,4,OPEN
synpic51567,organ,what part of the body does this mri show,skull and contents,train,4,OPEN
synpic45180,organ,what organ system is shown in this mri,skull and contents,test,4,OPEN
synpic24772,organ,which organ is captured by this mri,skull and contents,train,4,OPEN
synpic39008,organ,what part of the body is being imaged here,skull and contents,train,4,OPEN
synpic38220,organ,what organ system is primarily present in this image,skull and contents,test,4,OPEN
synpic40986,organ,what organ system is primarily present in this image,skull and contents,train,4,OPEN
synpic48065,organ,what organ system is being imaged,skull and contents,val,4,OPEN
synpic49469,organ,what is the organ principally shown in this mri,skull and contents,train,4,OPEN
synpic59388,organ,which organ system is shown in the mri,skull and contents,train,4,OPEN
synpic57000,organ,what organ is this angiogram showing,skull and contents,train,4,OPEN
synpic40489,organ,what organ system is shown in the image,skull and contents,train,4,OPEN
synpic51897,organ,what organ systems can be evaluated with this ct scan,skull and contents,train,4,OPEN
synpic54956,organ,the mri shows what organ system,skull and contents,train,4,OPEN
synpic39708,organ,what organ system is shown in the image,skull and contents,train,4,OPEN
synpic35568,organ,what organ is this ct scan showing,skull and contents,val,4,OPEN
synpic57196,organ,what organ is this image of,skull and contents,train,4,OPEN
synpic59842,organ,what part of the body is being imaged here,skull and contents,train,4,OPEN
synpic51755,organ,what organ system is shown in this ultrasound,skull and contents,train,4,OPEN
synpic19464,organ,what organ system is evaluated primarily,skull and contents,train,4,OPEN
synpic27357,organ,what organ is this mri showing,skull and contents,train,4,OPEN
synpic31869,organ,which organ system is imaged,skull and contents,train,4,OPEN
synpic42307,organ,what part of the body is being imaged,skull and contents,train,4,OPEN
synpic28031,organ,what organ systems can be evaluated with this ct scan,skull and contents,train,4,OPEN
synpic51954,organ,what organ system is primarily present in this image,skull and contents,train,4,OPEN
synpic40113,organ,what part of the body is being imaged,skull and contents,train,4,OPEN
synpic56554,organ,which organ is captured by this mri,skull and contents,train,4,OPEN
synpic18681,organ,what organ systems can be evaluated with this mri,skull and contents,val,4,OPEN
synpic39829,organ,the mri shows what organ system,skull and contents,train,4,OPEN
synpic59865,organ,what part of the body does this mri show,skull and contents,train,4,OPEN
synpic28104,organ,what organ system is imaged,skull and contents,train,4,OPEN
synpic58965,organ,what organ systems can be evaluated with this mri,skull and contents,val,4,OPEN
synpic57413,organ,which organ is captured by this mri,skull and contents,train,4,OPEN
synpic38066,organ,what organ system is being imaged,skull and contents,train,4,OPEN
synpic57862,organ,what is one organ system seen in this image,skull and contents,val,4,OPEN
synpic59889,organ,what organ systems can be evaluated with this mri,skull and contents,train,4,OPEN
synpic40735,organ,what organ system is imaged,skull and contents,train,4,OPEN
synpic27148,organ,what organ system is being imaged,skull and contents,train,4,OPEN
synpic52564,organ,what organ system is visualized,skull and contents,train,4,OPEN
synpic48319,organ,what is one organ system seen in this image,skull and contents,train,4,OPEN
synpic51570,organ,what is the organ principally shown in this mri,skull and contents,train,4,OPEN
synpic46364,organ,what organ is this ct scan showing,skull and contents,train,4,OPEN
synpic55856,organ,what organ system is primarily present in this image,skull and contents,train,4,OPEN
synpic57578,organ,what part of the body is being imaged,skull and contents,val,4,OPEN
synpic51475,organ,which organ system is shown in the ct scan,skull and contents,train,4,OPEN
synpic60628,organ,what organ system is being imaged,skull and contents,train,4,OPEN
synpic28026,organ,what organ system is shown in this mri,skull and contents,train,4,OPEN
synpic56139,organ,which organ is captured by this mri,skull and contents,train,4,OPEN
synpic59550,organ,what organ system is displayed in this ct scan,skull and contents,train,4,OPEN
synpic55854,organ,what organ system is visualized,skull and contents,val,4,OPEN
synpic28847,organ,the ct scan shows what organ system,skull and contents,train,4,OPEN
synpic36341,organ,what organ system is displayed in this mri,skull and contents,test,4,OPEN
synpic30922,organ,what organ system is evaluated primarily,skull and contents,train,4,OPEN
synpic40389,organ,what organ is this image of,skull and contents,test,4,OPEN
synpic56419,organ,which organ is captured by this mri,skull and contents,train,4,OPEN
synpic47260,organ,which organ system is imaged,skull and contents,train,4,OPEN
synpic23352,organ,what organ is this image of,skull and contents,train,4,OPEN
synpic47342,organ,what organ system is shown in the image,skull and contents,val,4,OPEN
synpic34548,organ,which organ is captured by this mri,skull and contents,train,4,OPEN
synpic34587,organ,what organ is this mri showing,skull and contents,train,4,OPEN
synpic20335,organ,what organ is this image of,skull and contents,train,4,OPEN
synpic9384,modality,what imaging modality is used to acquire this picture,xr - plain film,val,5,OPEN
synpic19015,modality,what imaging method was used,xr - plain film,train,5,OPEN
synpic43490,modality,how was this image taken,xr - plain film,train,5,OPEN
synpic29841,modality,what modality is used to take this image,xr - plain film,train,5,OPEN
synpic27120,modality,what was this image taken with,xr - plain film,train,5,OPEN
synpic19141,modality,with what modality is this image taken,xr - plain film,train,5,OPEN
synpic19129,modality,what type of imaging was used,xr - plain film,train,5,OPEN
synpic25654,modality,what imaging modality is used to acquire this picture,xr - plain film,train,5,OPEN
synpic54559,modality,what is the modality,xr - plain film,train,5,OPEN
synpic21980,modality,what modality is used to take this image,xr - plain film,val,5,OPEN
synpic32893,modality,what type of imaging modality is shown,xr - plain film,val,5,OPEN
synpic32370,modality,what type of imaging does this represent,xr - plain film,train,5,OPEN
synpic21776,modality,what imaging modality was used,xr - plain film,train,5,OPEN
synpic59211,modality,how was this image taken,xr - plain film,train,5,OPEN
synpic17917,modality,what kind of image is this,xr - plain film,train,5,OPEN
synpic25502,modality,what was this image taken with,xr - plain film,train,5,OPEN
synpic26315,modality,what kind of image is this,xr - plain film,train,5,OPEN
synpic26009,modality,which image modality is this,xr - plain film,train,5,OPEN
synpic26211,modality,what imaging modality is seen here,xr - plain film,train,5,OPEN
synpic25640,modality,what modality is used to take this image,xr - plain film,train,5,OPEN
synpic3098,modality,what type of image modality is this,xr - plain film,train,5,OPEN
synpic43494,modality,what is the modality,xr - plain film,train,5,OPEN
synpic24510,modality,what imaging modality is used,xr - plain film,train,5,OPEN
synpic47956,modality,what imaging method was used,xr - plain film,train,5,OPEN
synpic33426,modality,what imaging modality was used to take this image,xr - plain film,train,5,OPEN
synpic42067,modality,in what modality is this image taken,xr - plain film,train,5,OPEN
synpic43476,modality,what type of imaging does this represent,xr - plain film,train,5,OPEN
synpic23511,modality,what was this image taken with,xr - plain film,train,5,OPEN
synpic15809,modality,what imaging modality was used to take this image,xr - plain film,train,5,OPEN
synpic35353,modality,what imaging modality was used to take this image,xr - plain film,train,5,OPEN
synpic39956,modality,what type of image modality is seen,xr - plain film,train,5,OPEN
synpic20194,modality,how was this image taken,xr - plain film,train,5,OPEN
synpic50023,modality,what type of imaging does this represent,xr - plain film,val,5,OPEN
synpic20100,modality,what type of imaging is this,xr - plain film,train,5,OPEN
synpic40450,modality,what type of imaging was used,xr - plain film,train,5,OPEN
synpic17775,modality,what type of image modality is this,xr - plain film,train,5,OPEN
synpic34221,modality,which image modality is this,xr - plain film,train,5,OPEN
synpic41978,modality,which image modality is this,xr - plain film,train,5,OPEN
synpic31588,modality,what was this image taken with,xr - plain film,train,5,OPEN
synpic31838,modality,in what modality is this image taken,xr - plain film,train,5,OPEN
synpic54783,modality,what imaging modality is seen here,xr - plain film,train,5,OPEN
synpic32746,modality,what imaging modality was used to take this image,xr - plain film,val,5,OPEN
synpic26201,modality,what was this image taken with,xr - plain film,val,5,OPEN
synpic43431,modality,what is the modality,xr - plain film,val,5,OPEN
synpic27893,modality,what imaging method was used,xr - plain film,train,5,OPEN
synpic33981,modality,what type of imaging is this,xr - plain film,train,5,OPEN
synpic58377,modality,what modality was used to take this image,xr - plain film,train,5,OPEN
synpic32825,modality,what is the modality,xr - plain film,val,5,OPEN
synpic46203,modality,which image modality is this,xr - plain film,train,5,OPEN
synpic50580,modality,how was this image taken,xr - plain film,train,5,OPEN
synpic25749,modality,what kind of image is this,xr - plain film,train,5,OPEN
synpic52613,modality,what was this image taken with,xr - plain film,train,5,OPEN
synpic38482,modality,what imaging modality was used,xr - plain film,train,5,OPEN
synpic24643,modality,what type of imaging modality is shown,xr - plain film,train,5,OPEN
synpic55437,modality,what is the modality,xr - plain film,train,5,OPEN
synpic52755,modality,what imaging modality was used to take this image,xr - plain film,train,5,OPEN
synpic25652,modality,what type of imaging does this represent,xr - plain film,train,5,OPEN
synpic17118,modality,what type of imaging modality is seen in this image,xr - plain film,train,5,OPEN
synpic34027,modality,what imaging modality is seen here,xr - plain film,train,5,OPEN
synpic31286,modality,how is the image taken,xr - plain film,train,5,OPEN
synpic27141,modality,what type of imaging modality is used to acquire the image,xr - plain film,train,5,OPEN
synpic51777,modality,what imaging modality is used,xr - plain film,train,5,OPEN
synpic22904,modality,what imaging method was used,xr - plain film,train,5,OPEN
synpic26402,modality,how was this image taken,xr - plain film,train,5,OPEN
synpic32321,modality,what imaging modality is used to acquire this picture,xr - plain film,train,5,OPEN
synpic19859,modality,what type of imaging modality is seen in this image,xr - plain film,test,5,OPEN
synpic27268,modality,what type of imaging is this,xr - plain film,train,5,OPEN
synpic27155,modality,what modality was used to take this image,xr - plain film,train,5,OPEN
synpic23085,modality,what type of imaging modality is used to acquire the image,xr - plain film,train,5,OPEN
synpic43576,modality,what modality is used to take this image,xr - plain film,val,5,OPEN
synpic33429,modality,with what modality is this image taken,xr - plain film,train,5,OPEN
synpic38331,modality,what imaging modality is seen here,xr - plain film,val,5,OPEN
synpic19695,modality,how was the image taken,xr - plain film,train,5,OPEN
synpic36249,modality,what modality was used to take this image,xr - plain film,train,5,OPEN
synpic25444,modality,what imaging modality was used,xr - plain film,train,5,OPEN
synpic43568,modality,in what modality is this image taken,xr - plain film,train,5,OPEN
synpic24495,modality,how was this image taken,xr - plain film,val,5,OPEN
synpic43823,modality,what modality is used to take this image,xr - plain film,train,5,OPEN
synpic18187,modality,what type of image modality is this,xr - plain film,train,5,OPEN
synpic28538,modality,what modality is shown,xr - plain film,test,5,OPEN
synpic50055,modality,what type of image modality is seen,xr - plain film,train,5,OPEN
synpic52610,modality,what kind of scan is this,xr - plain film,train,5,OPEN
synpic22586,modality,with what modality is this image taken,xr - plain film,train,5,OPEN
synpic26296,modality,what type of imaging is this,xr - plain film,train,5,OPEN
synpic61155,modality,how is the image taken,xr - plain film,train,5,OPEN
synpic31780,modality,what kind of image is this,xr - plain film,train,5,OPEN
synpic33271,modality,what type of imaging modality is shown,xr - plain film,train,5,OPEN
synpic39565,modality,what type of imaging modality is used to acquire the image,xr - plain film,train,5,OPEN
synpic32629,modality,what type of imaging was used,xr - plain film,train,5,OPEN
synpic31452,modality,what modality was used to take this image,xr - plain film,train,5,OPEN
synpic22225,modality,what imaging modality is seen here,xr - plain film,train,5,OPEN
synpic40244,modality,what modality was used to take this image,xr - plain film,train,5,OPEN
synpic13316,modality,what type of imaging is this,xr - plain film,train,5,OPEN
synpic52980,modality,what kind of image is this,xr - plain film,train,5,OPEN
synpic51481,modality,what imaging modality is seen here,xr - plain film,train,5,OPEN
synpic43474,modality,which image modality is this,xr - plain film,train,5,OPEN
synpic50985,modality,what modality is used to take this image,xr - plain film,train,5,OPEN
synpic31556,modality,what type of image modality is seen,xr - plain film,train,5,OPEN
synpic22037,modality,how was the image taken,xr - plain film,train,5,OPEN
synpic29774,modality,how was the image taken,xr - plain film,train,5,OPEN
synpic29237,modality,what modality was used to take this image,xr - plain film,val,5,OPEN
synpic17664,modality,what modality is used to take this image,xr - plain film,val,5,OPEN
synpic15884,modality,what type of imaging modality is shown,xr - plain film,train,5,OPEN
synpic25639,modality,what imaging modality was used,xr - plain film,train,5,OPEN
synpic27823,modality,what type of imaging was used,xr - plain film,train,5,OPEN
synpic33462,modality,what imaging modality was used to take this image,xr - plain film,train,5,OPEN
synpic100108,modality,what modality is used to take this image,xr - plain film,train,5,OPEN
synpic53300,modality,what type of imaging modality is seen in this image,xr - plain film,train,5,OPEN
synpic47995,modality,what modality is shown,xr - plain film,train,5,OPEN
synpic36495,modality,what imaging modality was used to take this image,xr - plain film,train,5,OPEN
synpic34660,modality,what type of imaging does this represent,xr - plain film,train,5,OPEN
synpic27140,modality,what kind of scan is this,xr - plain film,train,5,OPEN
synpic39751,modality,with what modality is this image taken,xr - plain film,val,5,OPEN
synpic22528,modality,what was this image taken with,xr - plain film,train,5,OPEN
synpic34141,modality,what type of imaging modality is seen in this image,xr - plain film,train,5,OPEN
synpic43471,modality,what kind of scan is this,xr - plain film,train,5,OPEN
synpic40434,modality,which image modality is this,xr - plain film,train,5,OPEN
synpic39581,modality,what is the modality of this image,xr - plain film,train,5,OPEN
synpic27752,modality,what imaging modality is used to acquire this picture,xr - plain film,test,5,OPEN
synpic39563,modality,which image modality is this,xr - plain film,train,5,OPEN
synpic25290,modality,what is the modality of this image,xr - plain film,train,5,OPEN
synpic33102,modality,what kind of image is this,xr - plain film,val,5,OPEN
synpic33033,modality,what imaging modality was used to take this image,xr - plain film,train,5,OPEN
synpic32624,modality,what type of imaging does this represent,xr - plain film,train,5,OPEN
synpic17848,modality,what imaging modality is used to acquire this picture,xr - plain film,train,5,OPEN
synpic31365,modality,what imaging modality was used,xr - plain film,train,5,OPEN
synpic48215,modality,what type of imaging modality is used to acquire the image,xr - plain film,train,5,OPEN
synpic21937,modality,what is the modality of this image,xr - plain film,train,5,OPEN
synpic20810,modality,what kind of image is this,xr - plain film,train,5,OPEN
synpic52581,modality,what imaging modality was used to take this image,xr - plain film,train,5,OPEN
synpic57585,modality,how is the image taken,xr - plain film,val,5,OPEN
synpic13315,modality,what type of imaging was used,xr - plain film,train,5,OPEN
synpic31229,modality,what type of imaging modality is shown,xr - plain film,train,5,OPEN
synpic25822,modality,what type of image modality is this,xr - plain film,train,5,OPEN
synpic57749,modality,what imaging modality was used,xr - plain film,train,5,OPEN
synpic16880,modality,what type of image modality is seen,xr - plain film,val,5,OPEN
synpic32705,modality,what was this image taken with,xr - plain film,train,5,OPEN
synpic31714,modality,what modality is shown,xr - plain film,train,5,OPEN
synpic18464,modality,how is the image taken,xr - plain film,train,5,OPEN
synpic100407,modality,what kind of image is this,xr - plain film,train,5,OPEN
synpic31741,modality,what kind of scan is this,xr - plain film,train,5,OPEN
synpic56917,modality,what is the modality,xr - plain film,train,5,OPEN
synpic42132,modality,in what modality is this image taken,xr - plain film,train,5,OPEN
synpic20931,modality,what type of imaging modality is shown,xr - plain film,train,5,OPEN
synpic20214,modality,what type of imaging was used,xr - plain film,train,5,OPEN
synpic46591,modality,what imaging modality was used to take this image,xr - plain film,train,5,OPEN
synpic52491,modality,what modality is shown,xr - plain film,train,5,OPEN
synpic20374,modality,what modality was used to take this image,xr - plain film,train,5,OPEN
synpic27870,modality,how is the image taken,xr - plain film,train,5,OPEN
synpic42146,modality,what type of imaging does this represent,xr - plain film,train,5,OPEN
synpic36490,modality,what type of imaging is this,xr - plain film,val,5,OPEN
synpic47498,modality,what type of imaging is this,xr - plain film,train,5,OPEN
synpic30993,modality,with what modality is this image taken,xr - plain film,train,5,OPEN
synpic29260,modality,what imaging modality is used,xr - plain film,train,5,OPEN
synpic25415,modality,what type of imaging modality is seen in this image,xr - plain film,train,5,OPEN
synpic21935,modality,what kind of image is this,xr - plain film,train,5,OPEN
synpic46970,modality,what imaging modality was used,xr - plain film,train,5,OPEN
synpic27267,modality,what type of imaging does this represent,xr - plain film,train,5,OPEN
synpic52331,modality,what type of image modality is seen,xr - plain film,train,5,OPEN
synpic24194,modality,with what modality is this image taken,xr - plain film,train,5,OPEN
synpic19219,modality,what imaging modality was used to take this image,xr - plain film,train,5,OPEN
synpic22268,modality,what type of imaging was used,xr - plain film,train,5,OPEN
synpic25635,modality,what type of imaging is this,xr - plain film,train,5,OPEN
synpic32249,modality,what is the modality of this image,xr - plain film,train,5,OPEN
synpic19258,modality,what imaging modality is seen here,xr - plain film,train,5,OPEN
synpic34139,modality,what was this image taken with,xr - plain film,test,5,OPEN
synpic25650,modality,how is the image taken,xr - plain film,train,5,OPEN
synpic28188,modality,what type of imaging modality is seen in this image,xr - plain film,val,5,OPEN
synpic33070,modality,how is the image taken,xr - plain film,train,5,OPEN
synpic31178,modality,how is the image taken,xr - plain film,train,5,OPEN
synpic25649,modality,with what modality is this image taken,xr - plain film,train,5,OPEN
synpic35366,modality,how was the image taken,xr - plain film,train,5,OPEN
synpic16618,modality,what is the modality,xr - plain film,train,5,OPEN
synpic31059,modality,what imaging modality is seen here,xr - plain film,train,5,OPEN
synpic40433,modality,what imaging modality is seen here,xr - plain film,train,5,OPEN
synpic26492,modality,which image modality is this,xr - plain film,train,5,OPEN
synpic19683,modality,what type of imaging modality is shown,xr - plain film,train,5,OPEN
synpic18511,modality,what is the modality of this image,xr - plain film,train,5,OPEN
synpic29054,modality,what imaging modality was used to take this image,xr - plain film,val,5,OPEN
synpic29780,modality,what type of imaging does this represent,xr - plain film,train,5,OPEN
synpic56483,modality,what modality is shown,xr - plain film,train,5,OPEN
synpic29254,modality,what is the modality of this image,xr - plain film,train,5,OPEN
synpic43931,modality,what type of imaging is this,xr - plain film,train,5,OPEN
synpic16097,modality,how is the image taken,xr - plain film,train,5,OPEN
synpic25752,modality,what modality is shown,xr - plain film,train,5,OPEN
synpic29772,modality,how was this image taken,xr - plain film,val,5,OPEN
synpic60053,modality,what type of imaging does this represent,xr - plain film,train,5,OPEN
synpic23527,modality,in what modality is this image taken,xr - plain film,train,5,OPEN
synpic36234,modality,how is the image taken,xr - plain film,train,5,OPEN
synpic59851,modality,how was this image taken,xr - plain film,test,5,OPEN
synpic18493,modality,what type of imaging modality is shown,xr - plain film,train,5,OPEN
synpic52596,modality,what imaging modality is used,xr - plain film,val,5,OPEN
synpic39775,modality,what type of imaging does this represent,xr - plain film,train,5,OPEN
synpic31957,modality,what is the modality,xr - plain film,train,5,OPEN
synpic29719,modality,which image modality is this,xr - plain film,train,5,OPEN
synpic50065,modality,what imaging modality is used,xr - plain film,train,5,OPEN
synpic17361,modality,what modality was used to take this image,xr - plain film,train,5,OPEN
synpic26652,modality,what imaging method was used,xr - plain film,train,5,OPEN
synpic17654,modality,what imaging method was used,xr - plain film,train,5,OPEN
synpic100312,modality,what kind of image is this,xr - plain film,train,5,OPEN
synpic38983,modality,how is the image taken,xr - plain film,train,5,OPEN
synpic22154,modality,what was this image taken with,xr - plain film,train,5,OPEN
synpic26859,modality,what modality was used to take this image,xr - plain film,train,5,OPEN
synpic30200,modality,what modality is shown,xr - plain film,val,5,OPEN
synpic33494,modality,what type of imaging does this represent,xr - plain film,train,5,OPEN
synpic13386,modality,what modality was used to take this image,xr - plain film,train,5,OPEN
synpic42206,modality,which image modality is this,xr - plain film,train,5,OPEN
synpic39849,modality,what imaging modality was used to take this image,xr - plain film,train,5,OPEN
synpic22647,modality,how is the image taken,xr - plain film,train,5,OPEN
synpic54346,modality,what imaging modality is used to acquire this picture,xr - plain film,train,5,OPEN
synpic22354,modality,what type of imaging does this represent,xr - plain film,train,5,OPEN
synpic20934,modality,what type of image modality is this,xr - plain film,train,5,OPEN
synpic35954,modality,what modality was used to take this image,xr - plain film,train,5,OPEN
synpic32401,modality,what type of imaging modality is shown,xr - plain film,val,5,OPEN
synpic51687,modality,what imaging method was used,xr - plain film,train,5,OPEN
synpic51773,modality,what imaging modality was used to take this image,xr - plain film,train,5,OPEN
synpic21186,modality,what kind of image is this,xr - plain film,val,5,OPEN
synpic35910,modality,what modality was used to take this image,xr - plain film,train,5,OPEN
synpic28094,modality,what type of imaging modality is shown,xr - plain film,val,5,OPEN
synpic49371,modality,what type of imaging modality is used to acquire the image,xr - plain film,train,5,OPEN
synpic22897,modality,what type of image modality is seen,xr - plain film,train,5,OPEN
synpic41989,modality,what type of imaging modality is shown,xr - plain film,train,5,OPEN
synpic18757,modality,what type of imaging modality is used to acquire the image,xr - plain film,train,5,OPEN
synpic27980,modality,what was this image taken with,xr - plain film,train,5,OPEN
synpic19640,modality,what modality is used to take this image,xr - plain film,val,5,OPEN
synpic59178,modality,what type of image modality is this,xr - plain film,train,5,OPEN
synpic32240,modality,what type of image modality is seen,xr - plain film,train,5,OPEN
synpic25628,modality,what imaging method was used,xr - plain film,val,5,OPEN
synpic43496,modality,what kind of image is this,xr - plain film,train,5,OPEN
synpic15006,modality,what imaging modality was used to take this image,xr - plain film,train,5,OPEN
synpic30359,modality,what type of image modality is this,xr - plain film,train,5,OPEN
synpic24912,modality,what imaging modality was used,xr - plain film,train,5,OPEN
synpic60458,modality,what type of imaging is this,xr - plain film,val,5,OPEN
synpic52640,modality,what imaging modality is used to acquire this picture,xr - plain film,train,5,OPEN
synpic25634,modality,what imaging method was used,xr - plain film,val,5,OPEN
synpic17359,modality,what type of imaging modality is shown,xr - plain film,train,5,OPEN
synpic28900,modality,what modality is shown,xr - plain film,train,5,OPEN
synpic36110,modality,with what modality is this image taken,xr - plain film,val,5,OPEN
synpic23340,modality,what type of imaging modality is shown,xr - plain film,train,5,OPEN
synpic39632,modality,in what modality is this image taken,xr - plain film,train,5,OPEN
synpic48712,modality,what type of imaging is this,xr - plain film,train,5,OPEN
synpic20091,modality,what imaging modality is used,xr - plain film,train,5,OPEN
synpic27736,modality,how was this image taken,xr - plain film,train,5,OPEN
synpic33116,modality,what type of imaging modality is shown,xr - plain film,train,5,OPEN
synpic45783,modality,what imaging modality is used,xr - plain film,train,5,OPEN
synpic17970,modality,what type of image modality is seen,xr - plain film,val,5,OPEN
synpic40013,modality,what type of imaging was used,xr - plain film,train,5,OPEN
synpic38966,modality,which image modality is this,xr - plain film,train,5,OPEN
synpic22241,modality,what modality is shown,xr - plain film,train,5,OPEN
synpic15815,modality,what type of imaging modality is seen in this image,xr - plain film,train,5,OPEN
synpic23026,modality,what is the modality of this image,xr - plain film,train,5,OPEN
synpic24913,modality,what imaging modality is used,xr - plain film,train,5,OPEN
synpic42174,modality,what kind of scan is this,xr - plain film,train,5,OPEN
synpic32856,modality,what type of imaging modality is shown,xr - plain film,train,5,OPEN
synpic25073,modality,what imaging modality was used to take this image,xr - plain film,train,5,OPEN
synpic26835,modality,what imaging modality is used,xr - plain film,train,5,OPEN
synpic34447,modality,what type of imaging modality is used to acquire the image,xr - plain film,train,5,OPEN
synpic45683,modality,what imaging modality is seen here,xr - plain film,train,5,OPEN
synpic56482,modality,what kind of scan is this,xr - plain film,train,5,OPEN
synpic45070,modality,what kind of scan is this,xr - plain film,train,5,OPEN
synpic44126,modality,which image modality is this,xr - plain film,train,5,OPEN
synpic21188,modality,what modality was used to take this image,xr - plain film,val,5,OPEN
synpic60970,modality,what type of imaging modality is seen in this image,xr - plain film,train,5,OPEN
synpic100133,modality,how was this image taken,xr - plain film,train,5,OPEN
synpic42257,modality,what type of imaging does this represent,xr - plain film,train,5,OPEN
synpic32232,modality,what type of imaging modality is used to acquire the image,xr - plain film,train,5,OPEN
synpic16486,modality,what modality was used to take this image,xr - plain film,train,5,OPEN
synpic27039,modality,what type of imaging is this,xr - plain film,train,5,OPEN
synpic29744,modality,what imaging modality is used to acquire this picture,xr - plain film,train,5,OPEN
synpic29259,modality,what type of image modality is seen,xr - plain film,train,5,OPEN
synpic33130,modality,which image modality is this,xr - plain film,train,5,OPEN
synpic9043,modality,what kind of scan is this,xr - plain film,train,5,OPEN
synpic24350,modality,what imaging modality is seen here,xr - plain film,train,5,OPEN
synpic51873,modality,what is the modality,xr - plain film,train,5,OPEN
synpic21695,modality,what kind of image is this,xr - plain film,train,5,OPEN
synpic24733,modality,what imaging method was used,xr - plain film,train,5,OPEN
synpic28668,modality,what modality was used to take this image,xr - plain film,train,5,OPEN
synpic47178,modality,what is the modality of this image,xr - plain film,val,5,OPEN
synpic45689,modality,what type of imaging modality is seen in this image,xr - plain film,train,5,OPEN
synpic24501,modality,what type of imaging modality is shown,xr - plain film,test,5,OPEN
synpic17124,modality,what type of imaging modality is shown,xr - plain film,val,5,OPEN
synpic17918,modality,what imaging modality is used,xr - plain film,train,5,OPEN
synpic14404,modality,what type of imaging is this,xr - plain film,train,5,OPEN
synpic48159,modality,what type of imaging does this represent,xr - plain film,train,5,OPEN
synpic10257,modality,what imaging modality is used,xr - plain film,train,5,OPEN
synpic38951,modality,what imaging modality is used,xr - plain film,val,5,OPEN
synpic30858,modality,what imaging modality was used,xr - plain film,train,5,OPEN
synpic23612,modality,which image modality is this,xr - plain film,train,5,OPEN
synpic28832,modality,what imaging modality is used to acquire this picture,xr - plain film,train,5,OPEN
synpic38915,modality,what imaging modality is used,xr - plain film,train,5,OPEN
synpic26675,modality,what modality is used to take this image,xr - plain film,train,5,OPEN
synpic48351,modality,what was this image taken with,xr - plain film,val,5,OPEN
synpic61204,modality,what imaging modality is seen here,xr - plain film,val,5,OPEN
synpic52577,modality,what kind of scan is this,xr - plain film,train,5,OPEN
synpic21862,modality,what was this image taken with,xr - plain film,train,5,OPEN
synpic52482,modality,what imaging modality is seen here,xr - plain film,train,5,OPEN
synpic21602,modality,what imaging modality is seen here,xr - plain film,val,5,OPEN
synpic54547,modality,what type of imaging modality is used to acquire the image,xr - plain film,train,5,OPEN
synpic32628,modality,with what modality is this image taken,xr - plain film,train,5,OPEN
synpic25074,modality,what kind of image is this,xr - plain film,train,5,OPEN
synpic52481,modality,what imaging method was used,xr - plain film,train,5,OPEN
synpic33695,modality,how was this image taken,xr - plain film,val,5,OPEN
synpic38953,modality,how was this image taken,xr - plain film,val,5,OPEN
synpic46966,modality,what modality is used to take this image,xr - plain film,val,5,OPEN
synpic22723,modality,what kind of scan is this,xr - plain film,train,5,OPEN
synpic42267,modality,what type of imaging does this represent,xr - plain film,train,5,OPEN
synpic27894,modality,what type of imaging is this,xr - plain film,train,5,OPEN
synpic42965,modality,what kind of scan is this,xr - plain film,train,5,OPEN
synpic41271,modality,what kind of scan is this,xr - plain film,val,5,OPEN
synpic24899,modality,what type of imaging does this represent,xr - plain film,val,5,OPEN
synpic23975,modality,what type of imaging does this represent,xr - plain film,train,5,OPEN
synpic28925,modality,what type of imaging modality is shown,xr - plain film,train,5,OPEN
synpic54784,modality,what imaging method was used,xr - plain film,train,5,OPEN
synpic36498,modality,what type of imaging modality is shown,xr - plain film,val,5,OPEN
synpic31260,modality,how is the image taken,xr - plain film,train,5,OPEN
synpic36489,modality,what modality is used to take this image,xr - plain film,train,5,OPEN
synpic16192,modality,how was the image taken,xr - plain film,train,5,OPEN
synpic58055,modality,what modality was used to take this image,xr - plain film,train,5,OPEN
synpic25837,modality,what kind of scan is this,xr - plain film,train,5,OPEN
synpic42202,modality,how was the image taken,xr - plain film,train,5,OPEN
synpic19669,modality,what was this image taken with,xr - plain film,train,5,OPEN
synpic18101,modality,what imaging modality was used to take this image,xr - plain film,val,5,OPEN
synpic26268,modality,what type of imaging was used,xr - plain film,train,5,OPEN
synpic18902,modality,with what modality is this image taken,xr - plain film,val,5,OPEN
synpic56123,modality,what imaging method was used,xr - plain film,val,5,OPEN
synpic23151,modality,what imaging modality was used to take this image,xr - plain film,val,5,OPEN
synpic25620,modality,what is the modality,xr - plain film,val,5,OPEN
synpic22844,modality,what imaging modality was used,xr - plain film,train,5,OPEN
synpic100109,modality,with what modality is this image taken,xr - plain film,train,5,OPEN
synpic22720,modality,what type of imaging modality is shown,xr - plain film,train,5,OPEN
synpic17527,modality,what modality is shown,xr - plain film,val,5,OPEN
synpic29500,modality,what modality was used to take this image,xr - plain film,val,5,OPEN
synpic32238,modality,what imaging modality is seen here,xr - plain film,train,5,OPEN
synpic27319,modality,how was this image taken,xr - plain film,val,5,OPEN
synpic46964,modality,with what modality is this image taken,xr - plain film,test,5,OPEN
synpic41255,modality,what imaging modality was used,xr - plain film,train,5,OPEN
synpic45945,modality,what imaging modality is seen here,xr - plain film,train,5,OPEN
synpic26146,modality,what was this image taken with,xr - plain film,train,5,OPEN
synpic27944,modality,what imaging modality was used,xr - plain film,train,5,OPEN
synpic20422,modality,what type of image modality is seen,xr - plain film,train,5,OPEN
synpic33151,modality,what type of imaging is this,xr - plain film,train,5,OPEN
synpic21578,modality,what was this image taken with,xr - plain film,train,5,OPEN
synpic43453,modality,what imaging modality is used to acquire this picture,xr - plain film,train,5,OPEN
synpic29683,modality,how was this image taken,xr - plain film,train,5,OPEN
synpic100545,modality,what type of imaging modality is shown,xr - plain film,val,5,OPEN
synpic18201,modality,what type of imaging was used,xr - plain film,train,5,OPEN
synpic28939,modality,what kind of image is this,xr - plain film,train,5,OPEN
synpic32777,modality,what kind of scan is this,xr - plain film,train,5,OPEN
synpic25532,modality,what imaging modality was used to take this image,xr - plain film,train,5,OPEN
synpic59834,modality,what type of imaging modality is used to acquire the image,xr - plain film,train,5,OPEN
synpic21169,modality,what is the modality,xr - plain film,train,5,OPEN
synpic36220,modality,what imaging method was used,xr - plain film,train,5,OPEN
synpic19294,modality,what was this image taken with,xr - plain film,train,5,OPEN
synpic22021,modality,what modality was used to take this image,xr - plain film,train,5,OPEN
synpic56281,modality,what type of imaging modality is shown,xr - plain film,train,5,OPEN
synpic29781,modality,what kind of scan is this,xr - plain film,train,5,OPEN
synpic60966,modality,what type of imaging modality is seen in this image,xr - plain film,val,5,OPEN
synpic28412,modality,what was this image taken with,xr - plain film,train,5,OPEN
synpic31776,modality,what imaging modality is seen here,xr - plain film,train,5,OPEN
synpic39568,modality,what type of image modality is seen,xr - plain film,test,5,OPEN
synpic30992,modality,what is the modality of this image,xr - plain film,train,5,OPEN
synpic28899,modality,what kind of scan is this,xr - plain film,val,5,OPEN
synpic18134,modality,what type of imaging modality is shown,xr - plain film,train,5,OPEN
synpic36499,modality,what type of imaging modality is seen in this image,xr - plain film,train,5,OPEN
synpic34661,modality,what modality is shown,xr - plain film,train,5,OPEN
synpic45463,modality,how was the image taken,xr - plain film,train,5,OPEN
synpic25660,modality,what imaging modality is used to acquire this picture,xr - plain film,train,5,OPEN
synpic39569,modality,what type of imaging is this,xr - plain film,val,5,OPEN
synpic34143,modality,what imaging method was used,xr - plain film,train,5,OPEN
synpic46303,modality,how is the image taken,xr - plain film,train,5,OPEN
synpic18008,modality,what imaging modality is used,xr - plain film,val,5,OPEN
synpic27623,modality,in what modality is this image taken,xr - plain film,train,5,OPEN
synpic35143,modality,how was this image taken,xr - plain film,train,5,OPEN
synpic24218,modality,what type of imaging is this,xr - plain film,train,5,OPEN
synpic52576,modality,what imaging modality was used to take this image,xr - plain film,train,5,OPEN
synpic59324,modality,what type of imaging modality is shown,xr - plain film,train,5,OPEN
synpic60491,modality,how is the image taken,xr - plain film,train,5,OPEN
synpic49150,modality,what modality is shown,xr - plain film,train,5,OPEN
synpic31782,modality,what imaging method was used,xr - plain film,train,5,OPEN
synpic25451,modality,with what modality is this image taken,xr - plain film,val,5,OPEN
synpic32854,modality,what type of imaging modality is shown,xr - plain film,train,5,OPEN
synpic33140,modality,what was this image taken with,xr - plain film,train,5,OPEN
synpic17460,modality,what is the modality of this image,xr - plain film,train,5,OPEN
synpic22245,modality,what type of imaging does this represent,xr - plain film,train,5,OPEN
synpic10103,modality,what modality was used to take this image,xr - plain film,train,5,OPEN
synpic33002,modality,what type of imaging modality is seen in this image,xr - plain film,train,5,OPEN
synpic27265,modality,what modality is shown,xr - plain film,train,5,OPEN
synpic100398,modality,what modality is used to take this image,xr - plain film,train,5,OPEN
synpic20393,modality,how was this image taken,xr - plain film,val,5,OPEN
synpic31490,modality,what type of imaging modality is used to acquire the image,xr - plain film,train,5,OPEN
synpic32852,modality,what imaging modality was used to take this image,xr - plain film,train,5,OPEN
synpic33454,modality,how was this image taken,xr - plain film,train,5,OPEN
synpic22575,modality,what type of imaging modality is seen in this image,xr - plain film,train,5,OPEN
synpic18463,modality,what imaging modality was used to take this image,xr - plain film,train,5,OPEN
synpic45528,modality,what kind of scan is this,xr - plain film,train,5,OPEN
synpic39162,modality,what is the modality,xr - plain film,train,5,OPEN
synpic42332,modality,what kind of image is this,xr - plain film,train,5,OPEN
synpic18213,modality,what imaging method was used,xr - plain film,test,5,OPEN
synpic55606,modality,what type of imaging modality is shown,xr - plain film,train,5,OPEN
synpic23191,modality,what type of image modality is this,xr - plain film,train,5,OPEN
synpic29238,modality,what modality was used to take this image,xr - plain film,train,5,OPEN
synpic31069,modality,what type of image modality is this,xr - plain film,train,5,OPEN
synpic18872,modality,what was this image taken with,xr - plain film,train,5,OPEN
synpic22388,modality,what kind of image is this,xr - plain film,train,5,OPEN
synpic33481,modality,what imaging modality was used to take this image,xr - plain film,val,5,OPEN
synpic32227,modality,what imaging modality was used,xr - plain film,train,5,OPEN
synpic34759,modality,how was the image taken,xr - plain film,train,5,OPEN
synpic52756,modality,in what modality is this image taken,xr - plain film,train,5,OPEN
synpic39567,modality,which image modality is this,xr - plain film,train,5,OPEN
synpic22153,modality,in what modality is this image taken,xr - plain film,train,5,OPEN
synpic46876,modality,how is the image taken,xr - plain film,val,5,OPEN
synpic17583,modality,what kind of scan is this,xr - plain film,val,5,OPEN
synpic39357,modality,what modality is shown,xr - plain film,val,5,OPEN
synpic43964,modality,which image modality is this,xr - plain film,train,5,OPEN
synpic49209,modality,what kind of scan is this,xr - plain film,val,5,OPEN
synpic30911,modality,what type of imaging was used,xr - plain film,train,5,OPEN
synpic36494,modality,with what modality is this image taken,xr - plain film,train,5,OPEN
synpic31525,modality,what imaging modality was used,xr - plain film,train,5,OPEN
synpic52325,modality,what imaging modality was used,xr - plain film,train,5,OPEN
synpic26548,modality,what imaging modality is used to acquire this picture,xr - plain film,train,5,OPEN
synpic10260,modality,what imaging modality was used to take this image,xr - plain film,train,5,OPEN
synpic24742,modality,what type of image modality is seen,xr - plain film,train,5,OPEN
synpic34662,modality,what imaging modality is used to acquire this picture,xr - plain film,train,5,OPEN
synpic42170,modality,what type of imaging was used,xr - plain film,val,5,OPEN
synpic22244,modality,what modality was used to take this image,xr - plain film,train,5,OPEN
synpic57089,modality,what modality is used to take this image,xr - plain film,train,5,OPEN
synpic53581,modality,which image modality is this,xr - plain film,val,5,OPEN
synpic27139,modality,what imaging method was used,xr - plain film,train,5,OPEN
synpic31649,modality,what type of imaging modality is shown,xr - plain film,train,5,OPEN
synpic39571,modality,in what modality is this image taken,xr - plain film,train,5,OPEN
synpic52600,modality,in what modality is this image taken,xr - plain film,train,5,OPEN
synpic28603,modality,what imaging modality was used to take this image,xr - plain film,train,5,OPEN
synpic21285,modality,how was this image taken,xr - plain film,train,5,OPEN
synpic16765,modality,what kind of image is this,xr - plain film,val,5,OPEN
synpic17748,modality,what modality was used to take this image,xr - plain film,train,5,OPEN
synpic25504,modality,what modality is shown,xr - plain film,train,5,OPEN
synpic25662,modality,how is the image taken,xr - plain film,train,5,OPEN
synpic24538,modality,what type of imaging was used,xr - plain film,val,5,OPEN
synpic20215,modality,what type of imaging modality is shown,xr - plain film,train,5,OPEN
synpic22402,modality,what type of imaging modality is shown,xr - plain film,train,5,OPEN
synpic25683,modality,what modality is shown,xr - plain film,train,5,OPEN
synpic32688,modality,what was this image taken with,xr - plain film,train,5,OPEN
synpic27721,modality,what type of imaging modality is shown,xr - plain film,train,5,OPEN
synpic25655,modality,what is the modality of this image,xr - plain film,train,5,OPEN
synpic61236,modality,how is the image taken,xr - plain film,train,5,OPEN
synpic39161,modality,in what modality is this image taken,xr - plain film,train,5,OPEN
synpic49033,modality,what kind of scan is this,xr - plain film,train,5,OPEN
synpic27402,modality,how is the image taken,xr - plain film,train,5,OPEN
synpic16740,modality,what type of imaging was used,xr - plain film,train,5,OPEN
synpic40520,modality,what type of image modality is seen,xr - plain film,train,5,OPEN
synpic33350,modality,what modality is shown,xr - plain film,train,5,OPEN
synpic28093,modality,what type of imaging modality is shown,xr - plain film,train,5,OPEN
synpic19908,modality,what type of imaging modality is seen in this image,xr - plain film,train,5,OPEN
synpic18355,modality,what was this image taken with,xr - plain film,train,5,OPEN
synpic52675,modality,what imaging modality is used to acquire this picture,xr - plain film,train,5,OPEN
synpic22081,modality,what imaging modality is used to acquire this picture,xr - plain film,train,5,OPEN
synpic34380,modality,what imaging modality is used,xr - plain film,train,5,OPEN
synpic32189,modality,what imaging modality was used to take this image,xr - plain film,train,5,OPEN
synpic30532,modality,how is the image taken,xr - plain film,val,5,OPEN
synpic19114,modality,what is the modality of this image,xr - plain film,train,5,OPEN
synpic25631,modality,what type of imaging was used,xr - plain film,train,5,OPEN
synpic53645,modality,what imaging modality is used,xr - plain film,train,5,OPEN
synpic15171,modality,how was this image taken,xr - plain film,train,5,OPEN
synpic22353,modality,what type of imaging was used,xr - plain film,train,5,OPEN
synpic25619,modality,what type of imaging modality is shown,xr - plain film,train,5,OPEN
synpic42981,modality,what is the modality,xr - plain film,train,5,OPEN
synpic19071,modality,which image modality is this,xr - plain film,train,5,OPEN
synpic32632,modality,in what modality is this image taken,xr - plain film,val,5,OPEN
synpic36233,modality,what imaging modality is used to acquire this picture,xr - plain film,train,5,OPEN
synpic27286,modality,what is the modality,xr - plain film,train,5,OPEN
synpic36236,modality,what is the modality,xr - plain film,val,5,OPEN
synpic25647,modality,what kind of scan is this,xr - plain film,val,5,OPEN
synpic32374,modality,in what modality is this image taken,xr - plain film,train,5,OPEN
synpic100332,modality,what type of image modality is this,xr - plain film,val,5,OPEN
synpic43501,modality,what type of image modality is seen,xr - plain film,train,5,OPEN
synpic50593,modality,what type of imaging was used,xr - plain film,train,5,OPEN
synpic41984,modality,what was this image taken with,xr - plain film,train,5,OPEN
synpic21760,modality,what imaging modality was used to take this image,xr - plain film,train,5,OPEN
synpic36044,modality,what was this image taken with,xr - plain film,train,5,OPEN
synpic52493,modality,what type of imaging is this,xr - plain film,test,5,OPEN
synpic100403,modality,what type of imaging is this,xr - plain film,train,5,OPEN
synpic25657,modality,what type of imaging modality is used to acquire the image,xr - plain film,train,5,OPEN
synpic16224,modality,what imaging modality was used to take this image,xr - plain film,train,5,OPEN
synpic26588,modality,what modality is shown,xr - plain film,train,5,OPEN
synpic42584,modality,what imaging modality is seen here,xr - plain film,train,5,OPEN
synpic43455,modality,what type of imaging does this represent,xr - plain film,val,5,OPEN
synpic33131,modality,what type of imaging modality is used to acquire the image,xr - plain film,train,5,OPEN
synpic40752,modality,what type of imaging is this,xr - plain film,train,5,OPEN
synpic24002,modality,what imaging method was used,xr - plain film,train,5,OPEN
synpic51685,modality,with what modality is this image taken,xr - plain film,train,5,OPEN
synpic17961,modality,what type of imaging does this represent,xr - plain film,train,5,OPEN
synpic100252,modality,what modality is used to take this image,xr - plain film,train,5,OPEN
synpic30277,modality,what type of imaging modality is seen in this image,xr - plain film,train,5,OPEN
synpic16998,modality,what kind of image is this,xr - plain film,train,5,OPEN
synpic33463,modality,with what modality is this image taken,xr - plain film,train,5,OPEN
synpic27047,modality,what imaging modality was used,xr - plain film,train,5,OPEN
synpic39618,modality,what type of imaging was used,xr - plain film,val,5,OPEN
synpic59765,modality,what type of imaging is this,xr - plain film,train,5,OPEN
synpic24597,modality,how was the image taken,xr - plain film,train,5,OPEN
synpic32304,modality,how is the image taken,xr - plain film,train,5,OPEN
synpic16066,modality,how was this image taken,xr - plain film,train,5,OPEN
synpic27107,modality,what is the modality of this image,xr - plain film,train,5,OPEN
synpic15872,modality,what imaging modality is used to acquire this picture,xr - plain film,train,5,OPEN
synpic52603,modality,what modality was used to take this image,xr - plain film,train,5,OPEN
synpic21686,modality,what type of imaging modality is used to acquire the image,xr - plain film,train,5,OPEN
synpic21193,modality,what was this image taken with,xr - plain film,train,5,OPEN
synpic39862,modality,what imaging method was used,xr - plain film,train,5,OPEN
synpic48212,modality,how was the image taken,xr - plain film,val,5,OPEN
synpic31915,modality,how was the image taken,xr - plain film,train,5,OPEN
synpic29565,modality,what kind of scan is this,xr - plain film,val,5,OPEN
synpic23323,modality,what imaging modality is used,xr - plain film,train,5,OPEN
synpic44127,modality,what type of imaging does this represent,xr - plain film,train,5,OPEN
synpic27646,modality,what type of image modality is this,xr - plain film,train,5,OPEN
synpic17520,modality,how was the image taken,xr - plain film,train,5,OPEN
synpic35702,modality,what is the modality of this image,xr - plain film,train,5,OPEN
synpic26651,modality,which image modality is this,xr - plain film,val,5,OPEN
synpic100408,modality,what type of image modality is this,xr - plain film,test,5,OPEN
synpic24174,modality,how was the image taken,xr - plain film,train,5,OPEN
synpic21201,modality,what was this image taken with,xr - plain film,val,5,OPEN
synpic42335,modality,what is the modality,xr - plain film,train,5,OPEN
synpic23302,modality,what kind of image is this,xr - plain film,train,5,OPEN
synpic32694,modality,with what modality is this image taken,xr - plain film,train,5,OPEN
synpic19679,modality,what modality was used to take this image,xr - plain film,train,5,OPEN
synpic17121,modality,what type of imaging modality is seen in this image,xr - plain film,val,5,OPEN
synpic45982,modality,is this a noncontrast ct,yes,train,6,CLOSED
synpic51706,modality,is this a ct scan,yes,train,6,CLOSED
synpic25640,abnormality,is this a normal x-ray,yes,train,6,CLOSED
synpic27571,modality,is this a ct scan,yes,val,6,CLOSED
synpic45054,modality,is this an mri image,yes,train,6,CLOSED
synpic46969,modality,is this a noncontrast ct,yes,train,6,CLOSED
synpic28967,modality,is this a noncontrast ct,yes,train,6,CLOSED
synpic32112,modality,was the ct scan taken with contrast,yes,train,6,CLOSED
synpic35693,modality,is this a noncontrast mri,yes,val,6,CLOSED
synpic59382,modality,is this an mri image,yes,train,6,CLOSED
synpic39594,modality,is this an mri image,yes,train,6,CLOSED
synpic55974,modality,is this a t1 weighted image,yes,train,6,CLOSED
synpic49988,modality,is this a noncontrast ct,yes,train,6,CLOSED
synpic33517,modality,is this a noncontrast mri,yes,train,6,CLOSED
synpic25639,abnormality,is this image normal,yes,train,6,CLOSED
synpic21483,modality,is this a t1 weighted image,yes,train,6,CLOSED
synpic38630,modality,was the ct scan taken with contrast,yes,train,6,CLOSED
synpic20730,modality,is this a noncontrast ct,yes,train,6,CLOSED
synpic23493,modality,is this a t1 weighted image,yes,train,6,CLOSED
synpic39583,modality,is this a noncontrast mri,yes,test,6,CLOSED
synpic53167,modality,is this an mri image,yes,train,6,CLOSED
synpic41916,modality,is this an mri image,yes,train,6,CLOSED
synpic21681,modality,is this an mri image,yes,train,6,CLOSED
synpic17397,modality,is this a noncontrast ct,yes,train,6,CLOSED
synpic60798,modality,is this a t1 weighted image,yes,train,6,CLOSED
synpic55208,modality,is this a noncontrast ct,yes,train,6,CLOSED
synpic59332,modality,is this a ct scan,yes,train,6,CLOSED
synpic39649,modality,was the ct scan taken with contrast,yes,train,6,CLOSED
synpic37679,modality,is this an mri image,yes,train,6,CLOSED
synpic18681,modality,is this a noncontrast mri,yes,val,6,CLOSED
synpic43775,modality,is this a ct scan,yes,train,6,CLOSED
synpic50626,modality,is this a noncontrast ct,yes,train,6,CLOSED
synpic26325,modality,is this a noncontrast mri,yes,train,6,CLOSED
synpic52018,modality,is this a ct scan,yes,train,6,CLOSED
synpic54466,modality,is this a noncontrast ct,yes,train,6,CLOSED
synpic26416,abnormality,is this image normal,yes,train,6,CLOSED
synpic46857,modality,was the mri taken with contrast,yes,train,6,CLOSED
synpic55643,modality,was the mri taken with contrast,yes,train,6,CLOSED
synpic22389,modality,is this a ct scan,yes,train,6,CLOSED
synpic39028,modality,is this an mri image,yes,train,6,CLOSED
synpic58167,modality,was the mri taken with contrast,yes,train,6,CLOSED
synpic25797,abnormality,does this image look normal,yes,train,6,CLOSED
synpic22234,modality,was the ct scan taken with contrast,yes,train,6,CLOSED
synpic57188,modality,was the mri taken with contrast,yes,val,6,CLOSED
synpic21721,modality,is this an mri image,yes,train,6,CLOSED
synpic48813,modality,is this a ct scan,yes,train,6,CLOSED
synpic43617,modality,is this a ct scan,yes,train,6,CLOSED
synpic35680,abnormality,does this image look normal,yes,train,6,CLOSED
synpic54541,abnormality,is the nuclear medicine image normal,yes,train,6,CLOSED
synpic45316,modality,was the mri taken with contrast,yes,train,6,CLOSED
synpic27260,modality,is this a noncontrast ct,yes,train,6,CLOSED
synpic55773,modality,is this a t1 weighted image,yes,train,6,CLOSED
synpic31357,modality,is this a ct scan,yes,train,6,CLOSED
synpic25654,abnormality,is this image normal,yes,train,6,CLOSED
synpic35674,modality,is this a t1 weighted image,yes,train,6,CLOSED
synpic58470,modality,is this an mri image,yes,train,6,CLOSED
synpic34002,modality,was the ct scan taken with contrast,yes,train,6,CLOSED
synpic42021,modality,is this a noncontrast mri,yes,train,6,CLOSED
synpic59403,modality,is this an mri image,yes,train,6,CLOSED
synpic37078,modality,is this a noncontrast ct,yes,train,6,CLOSED
synpic54991,modality,is this a ct scan,yes,train,6,CLOSED
synpic26679,modality,was iv contrast given to the patient,yes,train,6,CLOSED
synpic45999,modality,is this a ct scan,yes,train,6,CLOSED
synpic61238,modality,is this a ct scan,yes,val,6,CLOSED
synpic26818,modality,is this an mri image,yes,train,6,CLOSED
synpic51299,modality,is this a ct scan,yes,train,6,CLOSED
synpic54169,modality,is this a noncontrast mri,yes,val,6,CLOSED
synpic45842,modality,is this a t1 weighted image,yes,test,6,CLOSED
synpic39767,modality,is this a noncontrast mri,yes,train,6,CLOSED
synpic18106,abnormality,does this image look normal,yes,train,6,CLOSED
synpic34849,modality,is this a ct scan,yes,train,6,CLOSED
synpic51612,modality,is this a ct scan,yes,train,6,CLOSED
synpic35745,modality,was the mri taken with contrast,yes,train,6,CLOSED
synpic37886,modality,was the ct scan taken with contrast,yes,train,6,CLOSED
synpic40555,modality,was the ct scan taken with contrast,yes,train,6,CLOSED
synpic53083,modality,was the ct scan taken with contrast,yes,train,6,CLOSED
synpic48039,abnormality,is the ct scan normal,yes,train,6,CLOSED
synpic25183,modality,is this a t1 weighted image,yes,train,6,CLOSED
synpic41476,modality,is this a ct scan,yes,train,6,CLOSED
synpic56958,modality,is this a noncontrast ct,yes,train,6,CLOSED
synpic46232,modality,is this a noncontrast ct,yes,train,6,CLOSED
synpic30325,modality,was iv contrast given to the patient,yes,train,6,CLOSED
synpic36489,abnormality,is this a normal x-ray,yes,train,6,CLOSED
synpic21779,modality,is this a noncontrast ct,yes,train,6,CLOSED
synpic24308,modality,was iv contrast given to the patient,yes,train,6,CLOSED
synpic27231,modality,is this a ct scan,yes,train,6,CLOSED
synpic38276,modality,is this a ct scan,yes,train,6,CLOSED
synpic59806,modality,is this a noncontrast mri,yes,train,6,CLOSED
synpic44440,modality,is this a ct scan,yes,train,6,CLOSED
synpic51913,modality,is this a noncontrast mri,yes,train,6,CLOSED
synpic27085,modality,was iv contrast given to the patient,yes,train,6,CLOSED
synpic53239,modality,is this a ct scan,yes,train,6,CLOSED
synpic56278,modality,was iv contrast given to the patient,yes,train,6,CLOSED
synpic50333,modality,was iv contrast given to the patient,yes,train,6,CLOSED
synpic37621,modality,was the ct scan taken with contrast,yes,train,6,CLOSED
synpic20710,modality,is this a noncontrast mri,yes,train,6,CLOSED
synpic43807,modality,is this a ct scan,yes,train,6,CLOSED
synpic51824,modality,is this a ct scan,yes,train,6,CLOSED
synpic18049,modality,was the ct scan taken with contrast,yes,train,6,CLOSED
synpic26007,modality,is this a ct scan,yes,train,6,CLOSED
synpic50556,modality,is this a ct scan,yes,val,6,CLOSED
synpic43524,modality,is this a t1 weighted image,yes,val,6,CLOSED
synpic24348,modality,is this a noncontrast ct,yes,train,6,CLOSED
synpic34587,modality,is this a t1 weighted image,yes,train,6,CLOSED
synpic37275,modality,was iv contrast given to the patient,yes,train,6,CLOSED
synpic40413,modality,is this a t1 weighted image,yes,train,6,CLOSED
synpic30387,modality,is this a ct scan,yes,train,6,CLOSED
synpic33650,modality,is this a ct scan,yes,train,6,CLOSED
synpic37874,modality,is this a noncontrast mri,yes,train,6,CLOSED
synpic17734,modality,is this a ct scan,yes,train,6,CLOSED
synpic47938,modality,is this a ct scan,yes,train,6,CLOSED
synpic49985,modality,is this a ct scan,yes,val,6,CLOSED
synpic24059,modality,was the ct scan taken with contrast,yes,train,6,CLOSED
synpic16567,modality,is this a ct scan,yes,train,6,CLOSED
synpic25373,modality,was the ct scan taken with contrast,yes,train,6,CLOSED
synpic48903,modality,is this an mri image,yes,train,6,CLOSED
synpic45196,modality,is this an mri image,yes,val,6,CLOSED
synpic40742,modality,was iv contrast given to the patient,yes,train,6,CLOSED
synpic33843,modality,was iv contrast given to the patient,yes,train,6,CLOSED
synpic24148,modality,was iv contrast given to the patient,yes,train,6,CLOSED
synpic47559,modality,is this a noncontrast ct,yes,train,6,CLOSED
synpic25177,modality,is this a ct scan,yes,train,6,CLOSED
synpic51293,modality,is this a t1 weighted image,yes,train,6,CLOSED
synpic41926,modality,was the ct scan taken with contrast,yes,train,6,CLOSED
synpic23222,modality,is this a ct scan,yes,train,6,CLOSED
synpic49451,modality,was the ct scan taken with contrast,yes,train,6,CLOSED
synpic47344,modality,is this an mri image,yes,train,6,CLOSED
synpic27051,modality,is this a noncontrast mri,yes,train,6,CLOSED
synpic21438,modality,is this a ct scan,yes,train,6,CLOSED
synpic25988,modality,was the ct scan taken with contrast,yes,train,6,CLOSED
synpic25620,abnormality,is this image normal,yes,val,6,CLOSED
synpic32365,modality,is this a ct scan,yes,test,6,CLOSED
synpic32276,modality,is this a noncontrast ct,yes,train,6,CLOSED
synpic33273,modality,is this a ct scan,yes,train,6,CLOSED
synpic53878,modality,is this a ct scan,yes,train,6,CLOSED
synpic55261,modality,was iv contrast given to the patient,yes,train,6,CLOSED
synpic52967,modality,is this a ct scan,yes,train,6,CLOSED
synpic18669,abnormality,is this a normal ultrasound,yes,train,6,CLOSED
synpic28664,modality,was iv contrast given to the patient,yes,train,6,CLOSED
synpic48150,modality,was the ct scan taken with contrast,yes,test,6,CLOSED
synpic31514,modality,is this a ct scan,yes,train,6,CLOSED
synpic25301,modality,is this a ct scan,yes,train,6,CLOSED
synpic46899,modality,is this an mri image,yes,train,6,CLOSED
synpic48096,modality,was the mri taken with contrast,yes,train,6,CLOSED
synpic38409,modality,is this a ct scan,yes,train,6,CLOSED
synpic53659,modality,is this an mri image,yes,val,6,CLOSED
synpic58354,abnormality,is this a normal ultrasound,yes,test,6,CLOSED
synpic40855,modality,is this a ct scan,yes,train,6,CLOSED
synpic51227,modality,is this a t1 weighted image,yes,train,6,CLOSED
synpic21317,modality,is this an mri image,yes,train,6,CLOSED
synpic41377,modality,is this a ct scan,yes,train,6,CLOSED
synpic29110,modality,is this a ct scan,yes,train,6,CLOSED
synpic22672,modality,was iv contrast given to the patient,yes,train,6,CLOSED
synpic55710,modality,is this a t1 weighted image,yes,train,6,CLOSED
synpic18635,modality,was iv contrast given to the patient,yes,train,6,CLOSED
synpic35347,modality,is this a noncontrast mri,yes,train,6,CLOSED
synpic29776,modality,is this a t1 weighted image,yes,train,6,CLOSED
synpic28965,modality,is this a noncontrast ct,yes,train,6,CLOSED
synpic36419,modality,was the ct scan taken with contrast,yes,train,6,CLOSED
synpic54051,modality,was the mri taken with contrast,yes,train,6,CLOSED
synpic57440,modality,is this a t1 weighted image,yes,train,6,CLOSED
synpic18134,abnormality,is there an abnormality in the x-ray,yes,train,6,CLOSED
synpic45952,modality,is this a noncontrast ct,yes,train,6,CLOSED
synpic25275,modality,is this an mri image,yes,train,6,CLOSED
synpic18218,modality,is this a noncontrast mri,yes,train,6,CLOSED
synpic28733,modality,was the ct scan taken with contrast,yes,val,6,CLOSED
synpic39463,modality,is this an mri image,yes,val,6,CLOSED
synpic35568,modality,is this a noncontrast ct,yes,val,6,CLOSED
synpic35667,abnormality,is the mri normal,yes,train,6,CLOSED
synpic30734,modality,is this a ct scan,yes,train,6,CLOSED
synpic42219,abnormality,is there evidence of any abnormalities,yes,train,6,CLOSED
synpic35309,modality,is this a noncontrast ct,yes,train,6,CLOSED
synpic31445,modality,is this a ct scan,yes,train,6,CLOSED
synpic49990,modality,is this a noncontrast ct,yes,train,6,CLOSED
synpic36193,modality,is this a noncontrast ct,yes,train,6,CLOSED
synpic41692,modality,is this an mri image,yes,train,6,CLOSED
synpic38841,modality,is this a ct scan,yes,train,6,CLOSED
synpic31737,modality,is this a ct scan,yes,train,6,CLOSED
synpic60186,modality,was the ct scan taken with contrast,yes,train,6,CLOSED
synpic45484,modality,is this a ct scan,yes,train,6,CLOSED
synpic55460,modality,is this a noncontrast ct,yes,train,6,CLOSED
synpic28899,abnormality,does this image look normal,yes,val,6,CLOSED
synpic19835,modality,was iv contrast given to the patient,yes,train,6,CLOSED
synpic30742,modality,is this a ct scan,yes,train,6,CLOSED
synpic45955,modality,is this a t1 weighted image,yes,train,6,CLOSED
synpic56675,modality,is this a t1 weighted image,yes,train,6,CLOSED
synpic35674,abnormality,is this a normal mri,yes,train,6,CLOSED
synpic25627,abnormality,does this image look normal,yes,test,6,CLOSED
synpic31072,modality,was the ct scan taken with contrast,yes,train,6,CLOSED
synpic19751,abnormality,is there an abnormality in the mri,yes,train,6,CLOSED
synpic48074,modality,was the ct scan taken with contrast,yes,train,6,CLOSED
synpic19770,modality,is this a t1 weighted image,yes,train,6,CLOSED
synpic20532,modality,was iv contrast given to the patient,yes,train,6,CLOSED
synpic48672,modality,is this an mri image,yes,train,6,CLOSED
synpic41562,modality,is this a noncontrast ct,yes,train,6,CLOSED
synpic53812,modality,is this a noncontrast mri,yes,train,6,CLOSED
synpic59899,modality,is this an mri image,yes,train,6,CLOSED
synpic26641,modality,is this a ct scan,yes,train,6,CLOSED
synpic51610,modality,is this a ct scan,yes,train,6,CLOSED
synpic52906,modality,is this an mri image,yes,train,6,CLOSED
synpic45691,modality,is this a ct scan,yes,train,6,CLOSED
synpic19978,modality,was the ct scan taken with contrast,yes,train,6,CLOSED
synpic52991,modality,was the ct scan taken with contrast,yes,train,6,CLOSED
synpic43498,modality,is this a t1 weighted image,yes,train,6,CLOSED
synpic33342,modality,was iv contrast given to the patient,yes,train,6,CLOSED
synpic43442,modality,was the ct scan taken with contrast,yes,train,6,CLOSED
synpic25073,abnormality,does this image look normal,yes,train,6,CLOSED
synpic36495,abnormality,does this image look normal,yes,train,6,CLOSED
synpic28004,modality,is this a ct scan,yes,train,6,CLOSED
synpic41335,modality,is this a ct scan,yes,train,6,CLOSED
synpic15825,modality,is this a ct scan,yes,train,6,CLOSED
synpic60290,modality,is this a ct scan,yes,val,6,CLOSED
synpic19204,modality,is this a noncontrast mri,yes,train,6,CLOSED
synpic58471,modality,is this an mri image,yes,train,6,CLOSED
synpic45913,modality,is this a noncontrast ct,yes,train,6,CLOSED
synpic13140,modality,is this a noncontrast mri,yes,train,6,CLOSED
synpic50775,modality,is this an mri image,yes,val,6,CLOSED
synpic36777,modality,was the mri taken with contrast,yes,train,6,CLOSED
synpic59654,modality,is this a ct scan,yes,train,6,CLOSED
synpic26841,abnormality,is this image normal,yes,train,6,CLOSED
synpic33929,modality,is this a ct scan,yes,train,6,CLOSED
synpic38450,modality,is this a ct scan,yes,train,6,CLOSED
synpic28715,modality,was the ct scan taken with contrast,yes,test,6,CLOSED
synpic41341,modality,is this a noncontrast ct,yes,val,6,CLOSED
synpic58556,modality,is this a noncontrast ct,yes,train,6,CLOSED
synpic37898,modality,is this a ct scan,yes,train,6,CLOSED
synpic40735,modality,is this a t1 weighted image,yes,train,6,CLOSED
synpic13036,modality,is this a ct scan,yes,train,6,CLOSED
synpic42135,modality,is this a ct scan,yes,val,6,CLOSED
synpic31506,modality,is this a ct scan,yes,train,6,CLOSED
synpic37969,modality,is this a noncontrast mri,yes,train,6,CLOSED
synpic35673,abnormality,does this image look normal,yes,train,6,CLOSED
synpic40952,modality,is this a ct scan,yes,train,6,CLOSED
synpic28645,modality,is this a ct scan,yes,train,6,CLOSED
synpic52357,modality,was the mri taken with contrast,yes,train,6,CLOSED
synpic36390,abnormality,are there abnormalities in this ct scan,yes,train,6,CLOSED
synpic23766,modality,is this an mri image,yes,val,6,CLOSED
synpic34823,modality,is this an mri image,yes,train,6,CLOSED
synpic9892,modality,was the ct scan taken with contrast,yes,train,6,CLOSED
synpic47707,modality,is this a ct scan,yes,train,6,CLOSED
synpic27650,modality,is this a t1 weighted image,yes,train,6,CLOSED
synpic26536,modality,was iv contrast given to the patient,yes,train,6,CLOSED
synpic54070,modality,is this a ct scan,yes,train,6,CLOSED
synpic38326,modality,is this a ct scan,yes,train,6,CLOSED
synpic31890,modality,was iv contrast given to the patient,yes,train,6,CLOSED
synpic39974,modality,is this a noncontrast ct,yes,train,6,CLOSED
synpic26174,modality,is this a ct scan,yes,train,6,CLOSED
synpic26176,modality,was iv contrast given to the patient,yes,train,6,CLOSED
synpic18672,abnormality,is this image normal,yes,train,6,CLOSED
synpic35673,modality,is this an mri image,yes,train,6,CLOSED
synpic31577,modality,is this a noncontrast ct,yes,train,6,CLOSED
synpic35880,modality,is this a noncontrast mri,yes,val,6,CLOSED
synpic35667,modality,is this a noncontrast mri,yes,train,6,CLOSED
synpic23218,modality,was the ct scan taken with contrast,yes,train,6,CLOSED
synpic26843,abnormality,is this a normal mri,yes,train,6,CLOSED
synpic23672,modality,is this a noncontrast mri,yes,train,6,CLOSED
synpic41885,modality,is this an mri image,yes,train,6,CLOSED
synpic21325,modality,was iv contrast given to the patient,yes,train,6,CLOSED
synpic34050,modality,was the ct scan taken with contrast,yes,train,6,CLOSED
synpic44991,modality,is this a noncontrast ct,yes,train,6,CLOSED
synpic31158,modality,was the ct scan taken with contrast,yes,train,6,CLOSED
synpic48036,abnormality,is the ct scan normal,yes,train,6,CLOSED
synpic22547,modality,is this a ct scan,yes,val,6,CLOSED
synpic46314,modality,is this an mri image,yes,train,6,CLOSED
synpic31438,modality,is this a ct scan,yes,train,6,CLOSED
synpic51818,modality,is this a noncontrast ct,yes,val,6,CLOSED
synpic34500,modality,is this a ct scan,yes,train,6,CLOSED
synpic31660,modality,is this a ct scan,yes,train,6,CLOSED
synpic53259,modality,is this a ct scan,yes,train,6,CLOSED
synpic50047,modality,is this a noncontrast mri,yes,train,6,CLOSED
synpic54372,modality,was iv contrast given to the patient,yes,train,6,CLOSED
synpic48365,modality,is this a t1 weighted image,yes,train,6,CLOSED
synpic54068,modality,is this a ct scan,yes,train,6,CLOSED
synpic33840,modality,is this a ct scan,yes,train,6,CLOSED
synpic24025,abnormality,is this a normal ultrasound,yes,train,6,CLOSED
synpic19338,modality,is this a ct scan,yes,train,6,CLOSED
synpic43772,modality,is this a ct scan,yes,test,6,CLOSED
synpic25499,modality,is this a ct scan,yes,train,6,CLOSED
synpic57733,modality,is this a noncontrast mri,yes,train,6,CLOSED
synpic57204,modality,is this an mri image,yes,train,6,CLOSED
synpic16122,abnormality,is this a normal ct scan,yes,train,6,CLOSED
synpic600,modality,is this a t1 weighted image,yes,train,6,CLOSED
synpic46832,modality,is this a noncontrast ct,yes,train,6,CLOSED
synpic45730,modality,is this a ct scan,yes,train,6,CLOSED
synpic36499,abnormality,is the x-ray normal,yes,train,6,CLOSED
synpic18627,modality,was iv contrast given to the patient,yes,train,6,CLOSED
synpic25217,modality,is this a ct scan,yes,train,6,CLOSED
synpic27148,modality,is this an mri image,yes,train,6,CLOSED
synpic54975,modality,is this a noncontrast mri,yes,test,6,CLOSED
synpic60065,modality,is this an mri image,yes,val,6,CLOSED
synpic19763,modality,is this a ct scan,yes,train,6,CLOSED
synpic56988,modality,was the mri taken with contrast,yes,train,6,CLOSED
synpic17931,modality,is this a ct scan,yes,train,6,CLOSED
synpic27917,modality,is this a noncontrast ct,yes,train,6,CLOSED
synpic40057,modality,is this an mri image,yes,train,6,CLOSED
synpic28331,abnormality,does this image look normal,yes,val,6,CLOSED
synpic41586,modality,is this a ct scan,yes,train,6,CLOSED
synpic50808,abnormality,is there something wrong in the image,yes,train,6,CLOSED
synpic47476,abnormality,is there something wrong in the image,yes,test,6,CLOSED
synpic39725,modality,is this a t1 weighted image,yes,train,6,CLOSED
synpic34541,modality,is this a t1 weighted image,yes,train,6,CLOSED
synpic13035,modality,was iv contrast given to the patient,yes,train,6,CLOSED
synpic19533,modality,was iv contrast given to the patient,yes,train,6,CLOSED
synpic43056,modality,is this a ct scan,yes,train,6,CLOSED
synpic55263,modality,is this a ct scan,yes,train,6,CLOSED
synpic56554,modality,is this a noncontrast mri,yes,train,6,CLOSED
synpic33107,modality,is this an mri image,yes,val,6,CLOSED
synpic50837,modality,is this a ct scan,yes,train,6,CLOSED
synpic43431,abnormality,is there an abnormality in the x-ray,yes,val,6,CLOSED
synpic39705,modality,was the mri taken with contrast,yes,train,6,CLOSED
synpic52458,modality,was the mri taken with contrast,yes,train,6,CLOSED
synpic55563,modality,is this a noncontrast ct,yes,train,6,CLOSED
synpic40836,modality,is this a t1 weighted image,yes,train,6,CLOSED
synpic21376,modality,is this a noncontrast mri,yes,train,6,CLOSED
synpic60628,modality,is this a t1 weighted image,yes,train,6,CLOSED
synpic35676,abnormality,is the mri normal,yes,train,6,CLOSED
synpic24058,modality,was iv contrast given to the patient,yes,train,6,CLOSED
synpic42107,modality,is this a t1 weighted image,yes,train,6,CLOSED
synpic47528,modality,is this a noncontrast mri,yes,train,6,CLOSED
synpic19464,modality,is this a t1 weighted image,yes,train,6,CLOSED
synpic35676,modality,is this a t1 weighted image,yes,train,6,CLOSED
synpic46263,modality,is this a noncontrast ct,yes,train,6,CLOSED
synpic25388,modality,is this a ct scan,yes,train,6,CLOSED
synpic46222,modality,was iv contrast given to the patient,yes,train,6,CLOSED
synpic29459,modality,is this an mri image,yes,train,6,CLOSED
synpic16195,modality,is this a ct scan,yes,train,6,CLOSED
synpic31721,modality,was iv contrast given to the patient,yes,train,6,CLOSED
synpic16937,modality,was the ct scan taken with contrast,yes,train,6,CLOSED
synpic30717,modality,is this an mri image,yes,train,6,CLOSED
synpic58781,modality,is this a noncontrast ct,yes,train,6,CLOSED
synpic42212,modality,was iv contrast given to the patient,yes,train,6,CLOSED
synpic40991,modality,is this a noncontrast ct,yes,train,6,CLOSED
synpic60410,modality,was the ct scan taken with contrast,yes,train,6,CLOSED
synpic31687,modality,was iv contrast given to the patient,yes,train,6,CLOSED
synpic16122,modality,is this a ct scan,yes,train,6,CLOSED
synpic26483,modality,was iv contrast given to the patient,yes,train,6,CLOSED
synpic27620,modality,was the ct scan taken with contrast,yes,train,6,CLOSED
synpic16200,modality,is this a ct scan,yes,train,6,CLOSED
synpic43538,modality,was iv contrast given to the patient,yes,train,6,CLOSED
synpic24745,modality,was the ct scan taken with contrast,yes,train,6,CLOSED
synpic59723,modality,is this an mri image,yes,train,6,CLOSED
synpic30700,modality,was the ct scan taken with contrast,yes,train,6,CLOSED
synpic27747,modality,is this a noncontrast ct,yes,test,6,CLOSED
synpic39709,modality,was the mri taken with contrast,yes,val,6,CLOSED
synpic39180,abnormality,is the ct scan normal,yes,train,6,CLOSED
synpic37692,modality,was the mri taken with contrast,yes,train,6,CLOSED
synpic28031,modality,is this a ct scan,yes,train,6,CLOSED
synpic53160,modality,was iv contrast given to the patient,yes,train,6,CLOSED
synpic43010,modality,is this a ct scan,yes,train,6,CLOSED
synpic18414,modality,is this a t1 weighted image,yes,train,6,CLOSED
synpic39483,modality,was the mri taken with contrast,yes,train,6,CLOSED
synpic33926,modality,is this a ct scan,yes,val,6,CLOSED
synpic57734,modality,is this an mri image,yes,train,6,CLOSED
synpic40779,modality,was the ct scan taken with contrast,yes,val,6,CLOSED
synpic47258,modality,is this an mri image,yes,train,6,CLOSED
synpic50798,modality,was the mri taken with contrast,yes,train,6,CLOSED
synpic15591,modality,is this an mri image,yes,train,6,CLOSED
synpic45717,modality,is this a ct scan,yes,train,6,CLOSED
synpic45150,modality,is this a t1 weighted image,yes,val,6,CLOSED
synpic47172,modality,is this an mri image,yes,train,6,CLOSED
synpic28220,modality,was the ct scan taken with contrast,yes,train,6,CLOSED
synpic47171,modality,is this an mri image,yes,train,6,CLOSED
synpic31686,modality,is this a ct scan,yes,train,6,CLOSED
synpic56359,modality,is this a t1 weighted image,yes,train,6,CLOSED
synpic46829,modality,is this a noncontrast ct,yes,test,6,CLOSED
synpic34858,modality,is this an mri image,yes,train,6,CLOSED
synpic34859,modality,is this a t1 weighted image,yes,train,6,CLOSED
synpic58841,modality,is this a ct scan,yes,train,6,CLOSED
synpic18105,abnormality,is this a normal angiogram,yes,train,6,CLOSED
synpic33373,modality,is this a noncontrast ct,yes,train,6,CLOSED
synpic61287,modality,was the ct scan taken with contrast,yes,train,6,CLOSED
synpic28208,modality,is this a ct scan,yes,train,6,CLOSED
synpic53311,modality,is this a t1 weighted image,yes,train,6,CLOSED
synpic31933,modality,is this a ct scan,yes,val,6,CLOSED
synpic41412,modality,was the mri taken with contrast,yes,train,6,CLOSED
synpic45662,modality,was iv contrast given to the patient,yes,train,6,CLOSED
synpic25323,modality,is this a t1 weighted image,yes,train,6,CLOSED
synpic53630,modality,was the mri taken with contrast,yes,train,6,CLOSED
synpic41564,modality,is this a noncontrast mri,yes,val,6,CLOSED
synpic53973,modality,was the mri taken with contrast,yes,train,6,CLOSED
synpic40873,modality,is this an mri image,yes,train,6,CLOSED
synpic42195,modality,is this a noncontrast mri,yes,train,6,CLOSED
synpic38144,modality,is this a ct scan,yes,train,6,CLOSED
synpic33385,modality,is this an mri image,yes,train,6,CLOSED
synpic38757,modality,is this a ct scan,yes,train,6,CLOSED
synpic37107,modality,was the mri taken with contrast,yes,train,6,CLOSED
synpic46847,modality,was the mri taken with contrast,yes,val,6,CLOSED
synpic59658,modality,is this a ct scan,yes,train,6,CLOSED
synpic21861,modality,is this a noncontrast ct,yes,train,6,CLOSED
synpic35849,modality,is this an mri image,yes,train,6,CLOSED
synpic10769,modality,is this an mri image,yes,train,6,CLOSED
synpic19933,modality,was the ct scan taken with contrast,yes,val,6,CLOSED
synpic55480,modality,is this a noncontrast ct,yes,train,6,CLOSED
synpic56615,abnormality,is there an abnormality in the ct scan,yes,val,6,CLOSED
synpic33652,modality,is this a noncontrast mri,yes,train,6,CLOSED
synpic35578,modality,is this a noncontrast mri,yes,test,6,CLOSED
synpic51468,modality,is this a noncontrast mri,yes,train,6,CLOSED
synpic55335,modality,is this an mri image,yes,test,6,CLOSED
synpic14963,modality,was the ct scan taken with contrast,yes,train,6,CLOSED
synpic20353,modality,is this a noncontrast ct,yes,train,6,CLOSED
synpic52805,modality,is this a t1 weighted image,yes,train,6,CLOSED
synpic18934,modality,is this a noncontrast mri,yes,train,6,CLOSED
synpic22829,modality,was the ct scan taken with contrast,yes,train,6,CLOSED
synpic47700,modality,is this a noncontrast ct,yes,train,6,CLOSED
synpic16607,modality,is this a ct scan,yes,train,6,CLOSED
synpic41996,modality,is this a noncontrast mri,yes,test,6,CLOSED
synpic47727,modality,was the ct scan taken with contrast,yes,train,6,CLOSED
synpic36677,modality,is this an mri image,yes,train,6,CLOSED
synpic59602,modality,was the mri taken with contrast,yes,train,6,CLOSED
synpic60197,modality,was iv contrast given to the patient,yes,test,6,CLOSED
synpic27614,abnormality,is this a normal x-ray,yes,val,6,CLOSED
synpic28814,modality,is this a ct scan,yes,train,6,CLOSED
synpic26332,modality,was iv contrast given to the patient,yes,val,6,CLOSED
synpic57815,modality,was the mri taken with contrast,yes,train,6,CLOSED
synpic48036,modality,is this a noncontrast ct,yes,train,6,CLOSED
synpic44955,modality,is this an mri image,yes,val,6,CLOSED
synpic23607,modality,is this a noncontrast ct,yes,train,6,CLOSED
synpic37748,modality,is this a ct scan,yes,train,6,CLOSED
synpic23065,modality,is this a ct scan,yes,train,6,CLOSED
synpic25662,abnormality,does this image look normal,yes,train,6,CLOSED
synpic43561,modality,was the ct scan taken with contrast,yes,test,6,CLOSED
synpic45121,modality,was iv contrast given to the patient,yes,train,6,CLOSED
synpic59533,modality,was the mri taken with contrast,yes,train,6,CLOSED
synpic24026,abnormality,does this image look normal,yes,train,6,CLOSED
synpic54074,modality,was iv contrast given to the patient,yes,train,6,CLOSED
synpic40047,modality,is this a noncontrast mri,yes,train,6,CLOSED
synpic25650,abnormality,is the x-ray normal,yes,train,6,CLOSED
synpic61222,modality,was iv contrast given to the patient,yes,train,6,CLOSED
synpic56781,modality,is this a t1 weighted image,yes,train,6,CLOSED
synpic36187,modality,is this a ct scan,yes,train,6,CLOSED
synpic57413,modality,is this a noncontrast mri,yes,train,6,CLOSED
synpic53585,modality,is this an mri image,yes,train,6,CLOSED
synpic48363,modality,is this a ct scan,yes,train,6,CLOSED
synpic22196,modality,is this a noncontrast ct,yes,val,6,CLOSED
synpic55404,modality,is this a ct scan,yes,train,6,CLOSED
synpic46434,modality,was the ct scan taken with contrast,yes,train,6,CLOSED
synpic40756,modality,is this a noncontrast ct,yes,train,6,CLOSED
synpic53745,modality,is this an mri image,yes,train,6,CLOSED
synpic41952,abnormality,is this a normal gastrointestinal image,yes,train,6,CLOSED
synpic43656,abnormality,is there something wrong in the image,yes,train,6,CLOSED
synpic52688,modality,is this an mri image,yes,train,6,CLOSED
synpic21020,modality,is this a noncontrast ct,yes,val,6,CLOSED
synpic31978,modality,is this a noncontrast mri,yes,train,6,CLOSED
synpic45981,modality,is this a ct scan,yes,train,6,CLOSED
synpic29220,modality,was iv contrast given to the patient,yes,train,6,CLOSED
synpic39386,abnormality,does this image look normal,yes,test,6,CLOSED
synpic55322,modality,is this a t1 weighted image,yes,train,6,CLOSED
synpic32265,modality,is this a noncontrast ct,yes,train,6,CLOSED
synpic60520,modality,was iv contrast given to the patient,yes,train,6,CLOSED
synpic29463,modality,is this an mri image,yes,val,6,CLOSED
synpic47630,modality,is this a t1 weighted image,yes,train,6,CLOSED
synpic24341,modality,is this a noncontrast ct,yes,train,6,CLOSED
synpic61066,abnormality,are there abnormalities in this mri,yes,train,6,CLOSED
synpic18141,modality,is this a ct scan,yes,train,6,CLOSED
synpic56989,modality,is this a t1 weighted image,yes,train,6,CLOSED
synpic53314,modality,is this an mri image,yes,val,6,CLOSED
synpic33781,modality,is this a noncontrast mri,yes,train,6,CLOSED
synpic25326,modality,is this an mri image,yes,train,6,CLOSED
synpic26196,modality,was iv contrast given to the patient,yes,train,6,CLOSED
synpic33806,abnormality,is there evidence of any abnormalities,yes,val,6,CLOSED
synpic59929,modality,is this a ct scan,yes,train,6,CLOSED
synpic24718,modality,is this a t1 weighted image,yes,train,6,CLOSED
synpic53953,modality,was the mri taken with contrast,yes,train,6,CLOSED
synpic28398,abnormality,does this image look normal,yes,train,6,CLOSED
synpic25458,modality,was iv contrast given to the patient,yes,train,6,CLOSED
synpic20868,modality,is this a ct scan,yes,train,6,CLOSED
synpic32274,modality,is this a noncontrast ct,yes,train,6,CLOSED
synpic25538,modality,is this a ct scan,yes,train,6,CLOSED
synpic38315,modality,is this a ct scan,yes,train,6,CLOSED
synpic44727,modality,is this a noncontrast mri,yes,train,6,CLOSED
synpic59257,abnormality,are there abnormalities in this mri,yes,train,6,CLOSED
synpic54127,modality,was iv contrast given to the patient,yes,train,6,CLOSED
synpic20157,modality,was iv contrast given to the patient,yes,train,6,CLOSED
synpic19616,modality,was the ct scan taken with contrast,yes,train,6,CLOSED
synpic18103,abnormality,is this a normal angiogram,yes,train,6,CLOSED
synpic41133,modality,was the ct scan taken with contrast,yes,train,6,CLOSED
synpic34801,modality,was the mri taken with contrast,yes,train,6,CLOSED
synpic24512,modality,is this a t1 weighted image,yes,val,6,CLOSED
synpic59549,modality,is this a noncontrast ct,yes,train,6,CLOSED
synpic34909,modality,is this a noncontrast mri,yes,test,6,CLOSED
synpic48095,modality,is this an mri image,yes,train,6,CLOSED
synpic34900,modality,is this a noncontrast ct,yes,train,6,CLOSED
synpic49274,modality,is this an mri image,yes,train,6,CLOSED
synpic25798,abnormality,is the gastrointestinal image normal,yes,train,6,CLOSED
synpic21442,modality,is this a ct scan,yes,val,6,CLOSED
synpic52120,modality,is this an mri image,yes,train,6,CLOSED
synpic41707,modality,was the mri taken with contrast,yes,val,6,CLOSED
synpic19980,modality,was the ct scan taken with contrast,yes,train,6,CLOSED
synpic46206,modality,was the ct scan taken with contrast,yes,train,6,CLOSED
synpic59350,modality,is this a ct scan,yes,train,6,CLOSED
synpic35369,modality,is this an mri image,yes,train,6,CLOSED
synpic41223,modality,is this a noncontrast mri,yes,train,6,CLOSED
synpic51099,modality,is this a ct scan,yes,train,6,CLOSED
synpic41048,modality,is this a t1 weighted image,yes,train,6,CLOSED
synpic35670,abnormality,does this image look normal,yes,train,6,CLOSED
synpic48704,modality,is this a noncontrast mri,yes,train,6,CLOSED
synpic51544,modality,is this a ct scan,yes,train,6,CLOSED
synpic36936,modality,is this a noncontrast mri,yes,train,6,CLOSED
synpic58842,modality,is this a noncontrast ct,yes,train,6,CLOSED
synpic56732,modality,is this a noncontrast ct,yes,train,6,CLOSED
synpic26535,modality,is this a ct scan,yes,train,6,CLOSED
synpic35688,abnormality,does this image look normal,yes,train,6,CLOSED
synpic10588,modality,is this a noncontrast ct,yes,train,6,CLOSED
synpic28827,modality,is this a t1 weighted image,yes,train,6,CLOSED
synpic51082,modality,is this a ct scan,yes,train,6,CLOSED
synpic36276,modality,is this a t1 weighted image,yes,test,6,CLOSED
synpic48141,modality,was the mri taken with contrast,yes,train,6,CLOSED
synpic50025,modality,is this a noncontrast mri,yes,train,6,CLOSED
synpic14954,modality,was iv contrast given to the patient,yes,train,6,CLOSED
synpic31993,modality,is this a t1 weighted image,yes,train,6,CLOSED
synpic53335,modality,was the mri taken with contrast,yes,train,6,CLOSED
synpic21333,modality,is this an mri image,yes,train,6,CLOSED
synpic56016,modality,is this a t1 weighted image,yes,train,6,CLOSED
synpic34544,modality,is this an mri image,yes,train,6,CLOSED
synpic27982,modality,is this a noncontrast ct,yes,train,6,CLOSED
synpic56649,modality,is this a t1 weighted image,yes,train,6,CLOSED
synpic38562,modality,was the mri taken with contrast,yes,train,6,CLOSED
synpic43797,modality,was iv contrast given to the patient,yes,train,6,CLOSED
synpic58796,modality,is this a ct scan,yes,train,6,CLOSED
synpic18727,modality,was iv contrast given to the patient,yes,train,6,CLOSED
synpic24024,abnormality,is this image normal,yes,val,6,CLOSED
synpic35690,abnormality,is this a normal mri,yes,train,6,CLOSED
synpic51490,modality,was iv contrast given to the patient,yes,val,6,CLOSED
synpic42172,modality,is this a ct scan,yes,train,6,CLOSED
